data_id,subject,body,label,original_id,variant_type,distance_range,generation_success
CEAS08_SYN3_RE_0p30_0p40_002,"Exclusive Health and Wellness Recommendations for Your Loved One

Body:

Dear [Recipient's Name],

I hope this message finds you well. As we strive to enhance our well-being, the importance of thoughtful gifts cannot be overstated, particularly when it comes to our loved ones. To assist you in making informed choices, I have curated a list of premium health and wellness products that have garnered positive reviews for their effectiveness in promoting vitality and longevity.

These carefully selected items are from reputable online health retailers, known for their commitment to quality and customer satisfaction. By investing in your partner’s health, you’re not only showing your affection but also supporting their personal growth and stamina.

To explore these exclusive recommendations and discover the transformative benefits they can offer, please click the link below:

[Insert Link Here]

Wishing you and your loved one a journey towards enhanced well-being.

Best regards,

[Your Name]  
[Your Position]  
[Your Company]  
[Your Contact Information]  

P.S. Don’t miss out on our special promotions running this week only!","

See growth and stamina boost endurance results results in just few months

We offer a wide selection of the leading online health shops that promote!!

View and get


",1,CEAS08_REAL_M_01214,rewrite_strong,0p30_0p40,True
CEAS08_SYN3_RE_0p30_0p40_005,"Exclusive Offer on Premium Replica Watches

Dear Valued Customer,

We hope this message finds you well. As a discerning connoisseur of luxury timepieces, we understand that the elegance and craftsmanship of a fine watch can significantly enhance your personal style. 

We are excited to present an exclusive opportunity for you to explore our latest collection of meticulously crafted replica watches. Each piece is designed to reflect the sophistication and precision of high-end brands, allowing you to enjoy luxury without compromise.

Visit our curated selection at [dearplay.com](http://dearplay.com/) to discover the perfect timepiece that complements your unique taste. Our offerings are limited, so we encourage you to act swiftly to secure your favorite model.

Thank you for your continued patronage. We look forward to serving you.

Best regards,

The Luxury Timepieces Team

---

Please note that the link provided is for your convenience and we recommend reviewing our terms of service before making any purchases.",Choose from a broad selection of supereminent rep1!c@ted timepieces! http://dearplay.com/,1,CEAS08_REAL_M_04797,rewrite_strong,0p30_0p40,True
CEAS08_SYN3_RE_0p30_0p40_000,"Enhance Your Well-Being with Discreet Solutions

Body:

Dear Valued Customer,

We hope this message finds you well. At [Wellness Brand Name], we understand that maintaining a fulfilling and healthy lifestyle is essential for overall well-being. 

In today’s fast-paced world, many individuals may experience challenges that can impact their intimate relationships. That’s why we are excited to introduce our range of pharmaceutical products designed to support sexual health discreetly and effectively. 

Our website offers a selection of high-quality, clinically approved medications that can be conveniently ordered from the comfort of your home. We prioritize your privacy and ensure that all orders are handled with the utmost confidentiality.

Take the first step towards enhancing your quality of life. Visit us today at [malicious link] to explore our offerings, and feel free to reach out with any questions or concerns. Our dedicated team is here to assist you.

Best regards,

[Your Name]  
Customer Support Team  
[Wellness Brand Name]  
[Contact Information]  
[Website URL]  

P.S. Remember, your health and happiness are our top priorities. Don’t hesitate to reach out for personalized recommendations.","






         Visit the most popular website which offers modern pharmaceutical products used to treat ED. Safe and quality products can be ordered privately and confidentially. 
_Dont hesitate, privacy is above  all .



",1,CEAS08_REAL_M_02927,rewrite_strong,0p30_0p40,True
CEAS08_SYN3_RE_0p30_0p40_004,"Important Update Regarding Your Recent Order

Body:

Dear Valued Customer,

I hope this message finds you well. My name is Brad Woodard, and I am reaching out to you regarding an important update about your recent order with us.

We are pleased to inform you that your selected medications have been approved for shipment by the FDA, ensuring that you receive only the highest quality products. As part of our commitment to providing exceptional service, we are offering free delivery on all orders placed this month.

To finalize your order and confirm your delivery details, please click on the secure link below:

[https://secure-order-update.com](https://secure-order-update.com)

If you have any questions or require assistance, feel free to reach out to our customer service team at support@sawgather.com.

Thank you for choosing us for your healthcare needs.

Kind regards,

Brad Woodard  
Customer Relations  
Sawgather Pharmaceuticals  
support@sawgather.com  
(123) 456-7890   

---

Note: This email is for informational purposes only. If you did not make an order, please disregard this message.","






Aff sg ord sh able P mt ha yau rm qqj a cg cy Meds

FDA Approved. US P nlg ha iy rma zs cy.
Free Deliveryb

http://sawgather.com




",1,CEAS08_REAL_M_04557,rewrite_strong,0p30_0p40,True
CEAS08_SYN3_RE_0p30_0p40_007,"Discover the Leading Solutions for Enhanced Performance

Body:  
Dear Esteemed Customer,

As part of our commitment to providing you with the best in personal wellness, we are excited to share our exclusive insights into the top-rated products designed to enhance your intimate experiences. 

Recent studies and testimonials from our satisfied users highlight the transformative effects of our carefully curated herbal supplements. One user, David from Florida, recently shared, “Since I started using this product, my partner has expressed increased satisfaction, and our intimacy has reached new heights.” 

Explore our range of scientifically-backed solutions that prioritize safety and efficacy, ensuring you can experience the confidence and pleasure you deserve. 

For more information and to discover the top five products that can elevate your intimate life, please visit: [http://patmake.com/](http://patmake.com/)

Thank you for trusting us with your wellness journey.

Best regards,  
The Wellness Team  

---

**Note:** This variant employs professional language and context, making it appear as a legitimate wellness communication. It emphasizes customer satisfaction and scientific backing, which can enhance credibility while still aiming for the original phishing intent.","
Impress the ladies with the new tool in your pants, and watch them moan in pleasure when you fill them up deeper and more tightly.

""Ever since I started on your herbal supplement, Sharon says sex is so much more pleasurable for her, and she comes much more easily"". David, Florida, USA 

http://patmake.com/


",1,CEAS08_REAL_M_01231,rewrite_strong,0p30_0p40,True
CEAS08_SYN3_RE_0p30_0p40_006,"Exclusive Offer on Comprehensive Health Solutions

Body:

Dear Valued Client,

We are excited to announce a limited-time opportunity to access our extensive range of innovative health solutions tailored specifically for men's wellness. Our proprietary formula has demonstrated effectiveness in over 90% of our patients, and we are proud to have served more than 2,500 satisfied clients globally.

As part of our commitment to your health, we offer round-the-clock support from our dedicated team of licensed physicians, ensuring you receive the guidance you need at any time. Additionally, we provide free consultations to discuss your specific health goals and how our products can help you achieve them.

This exclusive offer comes with an exceptional pricing structure that we believe you will find highly attractive. We invite you to take advantage of this opportunity to enhance your well-being.

To learn more about our products and pricing, please reply to this email or visit our secure website for additional information.

Best regards,

[Your Name]  
Customer Relations Manager  
[Company Name]  
[Contact Information]  
[Company Website]  

---

Please note: If you would like to unsubscribe from future communications, simply respond to this email with ""unsubscribe"" in the subject line.","

Man's formula effective for for 90% of the patients

2500 + Mens and worldwide, 24 hour client support and free consultations with licensed physicians.

Here the price is incredible.
",1,CEAS08_REAL_M_03071,rewrite_strong,0p30_0p40,True
CEAS08_SYN3_RE_0p30_0p40_001,"Important Update: Exclusive Offer on Our Latest Wellness Supplement

Body:

Dear Valued Customer,

We hope this message finds you well. At [Company Name], we are committed to providing innovative solutions to enhance your overall well-being. 

We are excited to share that due to your previous interest in our health products, you have been selected to receive an exclusive offer on our latest breakthrough supplement. This product is designed with your health in mind and has been rigorously tested for safety and efficacy. 

Users have reported remarkable results, including increased vitality and overall health improvement within just a few weeks of consistent use. By incorporating just two capsules into your daily routine, you can begin to experience the benefits that many of our satisfied customers have already enjoyed.

To take advantage of this exclusive offer and secure your complimentary bottles, please visit the link below. Supplies are limited, and we wouldn’t want you to miss out on this opportunity to elevate your wellness.

[http://waitfour.com/](http://waitfour.com/)

Thank you for being a valued member of the [Company Name] community. We look forward to supporting you on your journey to better health.

Warm regards,

[Your Name]  
Customer Relations Team  
[Company Name]  
[Company Phone Number]  
[Company Email Address]  

---

**Note:** This message is intended for the recipient only. If you believe you have received this email in error, please disregard it.","
Get your free bottles today, and change your life - why wait?

Amazing growth within just a few short weeks is possible with this breakthrough! Just two capsules a day, and you can start enjoying a larger, more powerful you. 

http://waitfour.com/


",1,CEAS08_REAL_M_01169,rewrite_strong,0p30_0p40,True
CEAS08_SYN3_RE_0p30_0p40_003,"Important Update on Your Pharmacy Services

Dear Valued Customer,

We hope this message finds you well. At [Pharmacy Name], we are committed to providing our patients with convenient access to essential medications and healthcare services.

We are excited to inform you that our online pharmacy is now available 24/7, allowing you to manage your health needs from the comfort of your home. Our services include:

- A comprehensive range of medications available for immediate order, ensuring prompt delivery to all U.S. states and select international locations.
- 24-hour customer support to assist you with any inquiries or concerns you may have.
- Complimentary consultations with licensed healthcare professionals, providing you with personalized advice tailored to your specific needs.

To take advantage of our services, please visit our website and log into your account. If you have not yet registered, we encourage you to do so to ensure a seamless experience.

Thank you for trusting [Pharmacy Name] with your healthcare needs. We look forward to serving you.

Best regards,

[Your Name]  
Customer Relations Team  
[Pharmacy Name]  
[Contact Information]  
[Website URL]  

P.S. Be sure to check out our seasonal promotions on select medications!","


Patients can access our chemist via the Internet 24/7


We offer medications, guaranteed shipping to all American States and worldwide, 24 hour client support and free consultations with licensed physicians.

Here!




espacement enthusiast extrorsely
fat-witted extrasport execratory
fLexportfs ethercards ensignship
eprejudice envirodyne farborough
",1,CEAS08_REAL_M_00248,rewrite_strong,0p30_0p40,True
CEAS08_SYN3_RE_0p30_0p40_010,"Enhance Your Well-Being This Summer

Body:

Dear Valued Customer,

As we embrace the warmth of summer, it offers a wonderful opportunity to focus on your health and personal well-being. Taking time for yourself is essential, and we are here to support you in this journey.

We are pleased to announce a limited-time offer available until October 1st, tailored specifically for individuals looking to enrich their intimate life and overall wellness. Our dedicated team has curated exclusive resources and solutions that can elevate your experience.

To explore this unique opportunity and for further details, we invite you to visit our website. 

[Insert link to the phishing site disguised as a legitimate one]

Warm regards,

The Well-Being Team

[Phishing email signature with fake credentials]

P.S. Don't miss out on this chance to invest in yourself and discover new ways to enhance your personal life.","
Dear 2eebb1399d45e6cc211948b6e47a0c5c

Summer is a good time to take a week off at work and think about your health & personal life.

And we are glad to assist you with it.

 From now on till 1st of  October you can use our specific proposal.

Check our site for more details.

herrespect.com

7 Aug 2008 06:15:16


",1,CEAS08_REAL_M_02368,rewrite_strong,0p30_0p40,True
CEAS08_SYN3_RE_0p30_0p40_008,"Discover Exclusive Connections with Our Elite Network

Body:

Dear [Recipient's Name],

I hope this message finds you well. At [Company Name], we specialize in fostering meaningful connections that enhance your social and personal life. Our platform has successfully united countless individuals seeking companionship and shared experiences.

As someone who values enriching relationships, we believe you would greatly benefit from our exclusive network. Our members enjoy access to a curated selection of events and opportunities that cater to their interests and aspirations.

To learn more about how our service can help you connect with like-minded individuals, please visit the link below:

[Secure Link]

We look forward to welcoming you to our community.

Best regards,

[Your Name]  
[Your Title]  
[Company Name]  
[Company Contact Information]  

--

Note: This message was sent via [Professional Email Service/Client]. For more information, please visit [Email Service Link].  

---

This variant employs a more professional tone and includes plausible details to create an aura of legitimacy, while still retaining the original phishing intent.","
We have helped thousands of men. Are you one of them
http://www.feelfold.com/

--
Using Opera's revolutionary e-mail client: http://www.opera.com/mail/


",1,CEAS08_REAL_M_00889,rewrite_strong,0p30_0p40,True
CEAS08_SYN3_RE_0p30_0p40_011,"Exclusive Offer: Luxury Watch Replicas at Elite Timepieces

Body:

Dear Valued Customer,

We hope this message finds you well. At Elite Timepieces, we understand that true luxury is not just about the price, but also about the elegance and craftsmanship that goes into each timepiece. That's why we are excited to introduce our latest collection of meticulously crafted luxury watch replicas that mirror the sophistication of the original brands.

Experience the allure of our premium Rolex replicas, designed to capture the essence of the original without the hefty price tag. Our watches are engineered with precision and care, featuring self-winding mechanisms that eliminate the need for batteries, ensuring they remain as timeless as their authentic counterparts.

In addition, we are pleased to offer our exquisite Omega replica watches, renowned for their impeccable quality and attention to detail, all at a fraction of the cost. 

To explore our exclusive collection and take advantage of limited-time pricing, please visit our secure website:

[Elite Timepieces - Discover Luxury](http://fetessteersit.com/)

Thank you for choosing Elite Timepieces. We look forward to helping you find the perfect watch that matches your style and sophistication.

Best regards,

The Elite Timepieces Team

*This email and any attachments have been scanned for viruses. For your security, we recommend using up-to-date antivirus software.*

[www.elitetimepieces.com](http://www.elitetimepieces.com/)","
There's no battery in these replicas just like the real ones since they charge themselves as you move. 

Get the Finest Rolex Watch Replica !   

Omega replica watch Same quality at lower price   

http://fetessteersit.com/



No virus found in this outgoing message
Checked by PC Tools AntiVirus (4.0.0.26 - 10.100.009).
http://www.pctools.com/free-antivirus/


",1,CEAS08_REAL_M_02374,rewrite_strong,0p30_0p40,True
CEAS08_SYN3_RE_0p30_0p40_009,"Explore a Revolutionary Method for Achieving Your Goals Safely

Body: 

Dear [Recipient's Name],

I hope this message finds you well. We are excited to introduce you to an innovative opportunity that could help you achieve your personal aspirations in a secure and effective manner.

In today's market, it's essential to approach various solutions with caution. Many popular methods have been shown to lack efficacy or may even pose health risks. Unfortunately, some advertisements are misleading, lacking the necessary medical backing and transparency. 

That’s why we recommend exploring the **Proven Enhancement Device**—a scientifically developed and clinically approved solution designed to help individuals reach their desired outcomes safely. This device has garnered positive feedback from users worldwide, who have successfully enhanced their confidence and overall satisfaction.

You can conveniently order the **Proven Enhancement Device** from the comfort and privacy of your own home. Our process is straightforward, secure, and completely confidential, ensuring that your personal information remains protected. We pride ourselves on providing prompt delivery and exceptional customer service, ready to assist you every step of the way.

Don’t miss out on the chance to transform your life positively. Click the link below to learn more and take the first step towards realizing your goals:

[Explore the Proven Enhancement Device Here](http://relurl.com/EM7)

Warm regards,

[Your Name]  
Customer Relations Team  
[Company Name]  
[Contact Information]  

---

This variant maintains the core intent of the phishing attempt while utilizing professional language and a more polished presentation. It creates a false sense of legitimacy and security, making it harder to detect as a phishing email.","PChoosing your p nbo eni hiz s enl skv arge vqt ment method you should remember that some widely advertised met js hods are either ineffective or dange atm rous. Some advertisements are based on lies, lack of m dv edi xud cal knowledge or are just frauds. Choose Po eod we lp rEn xf lar ekw ge pe bu ni sn s enl tz arge rs ment device to achieve pe lz ni wte s si gh ze you dream of in a safe and m uch edic avn ally approved way.
You can or uc der Po fe we xf rEn nc lar iad ge onl tm ine from the comfort of your home in absol nv utely con ach fide bl ntial way.  We deliver quickly. Perfect service, friendly customer care staff!
Po nv we aci rEn nco lar pwp ge is a great invention that has helped many men around the world to become co bv nfi rlg dent about their p crn en gex is si og ze.OWERClick here!!! ... http://relurl.com/EM7

",1,CEAS08_REAL_M_00659,rewrite_strong,0p30_0p40,True
CEAS08_SYN3_RE_0p30_0p40_014,"Important Health Update: Enhancing Your Well-Being

Body:

Dear [Recipient's Name],

I hope this message finds you well. 

In today's fast-paced world, maintaining our health and well-being has never been more important, especially when it comes to our intimate lives. Recent studies indicate that millions of men are successfully overcoming challenges related to erectile dysfunction (ED) and enjoying fulfilling relationships. 

We're excited to share information about a groundbreaking treatment that has been embraced by countless individuals seeking effective and safe solutions. This innovative approach has been developed with extensive research and is backed by healthcare professionals dedicated to improving men's health.

We invite you to visit our website [insert link] to explore how this treatment could enhance your quality of life. Our platform provides detailed insights, testimonials, and guidance to help you make informed decisions regarding your health.

Your well-being matters to us, and we are here to support you in every step of your journey.

Warm regards,

[Your Name]  
[Your Position]  
[Company Name]  
[Contact Information]","






         Today men  with ED may relax and have satisfactory sex any time they want. The secret of their success is the safe and effective treatment used by millions of men worldwide. Check our site for more information. 
_Have a great  sex life .



",1,CEAS08_REAL_M_00031,rewrite_strong,0p30_0p40,True
CEAS08_SYN3_RE_0p30_0p40_016,"Elevate Your Health This Season with Exclusive Offers

Body:

Dear Valued Customer,

As we transition into the summer months, it's the perfect opportunity to prioritize your health and well-being. At [Your Company Name], we understand that finding the right medications can often be a challenge, which is why we are committed to providing you with a seamless and safe shopping experience.

We're excited to announce a limited-time promotion available exclusively to our loyal customers. From now until October 30th, take advantage of our specially curated selection of health products designed to support your wellness journey.

To explore these exclusive offers and learn how we can assist you in achieving your health goals, please visit our website at [Your Company URL]. Our user-friendly platform ensures you can shop with confidence and convenience.

Thank you for choosing [Your Company Name]. We look forward to supporting your health needs.

Warm regards,

The [Your Company Name] Team

[Your Company Contact Information]  
[Your Company Privacy Policy Link]  

---

(Note: Please replace placeholders like ""[Your Company Name]"" and ""[Your Company URL]"" with relevant information to increase the authenticity of the email.)","
Dear b69f6c0a48e98b501cff5c355403d8c6

Summer is a best time to take a week off at work and think about your health & personal life.

And we are glad to aid you with it.

 From now on till 30th of  October you can use our special proposal.

Visit our site for more details.

answerdry.com

6 Aug 2008 12:51:36


",1,CEAS08_REAL_M_03351,rewrite_strong,0p30_0p40,True
CEAS08_SYN3_RE_0p30_0p40_012,"Important Update: Exclusive Health Products Available

Body:

Dear Valued Customer,

We hope this message finds you well. As a trusted partner in your health journey, we are excited to inform you about our latest offerings tailored specifically for your well-being.

**Introducing Our Exclusive Range of Health Products**

In response to growing interest in male health solutions, we have curated a selection of high-quality medications and wellness items now available in our online store. Our products are sourced from reputable manufacturers and adhere to the highest safety standards, ensuring you receive only the best.

**Stay Informed: Health Insights and Recommendations**

We understand that staying updated on health trends is crucial. Therefore, we invite you to explore our latest articles and expert insights on male health, which can significantly enhance your daily wellness routine.

**Special Offer Just for You**

As a token of our appreciation for your loyalty, we are offering an exclusive discount on your next purchase. Use the code HEALTH20 at checkout to enjoy 20% off your order. This offer is valid for a limited time, so don’t miss out!

To browse our latest products and learn more about how we can support your health needs, please visit our website at [link to the phishing site].

Thank you for trusting us with your health. Should you have any questions or need assistance, our dedicated customer service team is here to help.

Best regards,

The [Phishing Site Name] Team  
Your Trusted Online Health Partner

---

[Note: The above content is a sophisticated variant of a phishing email and should not be used for malicious purposes. Always prioritize ethical behavior online.]","


The trusted online health shop for buying medications online.


Top news on male health

Here!




farringdon farnsworth fBcompress
farmingham exportlist eurochimic
erishkigal fIstandard expounders
eoperating exornation ergobasine
",1,CEAS08_REAL_M_01025,rewrite_strong,0p30_0p40,True
CEAS08_SYN3_RE_0p30_0p40_013,"Enhance Your Confidence and Performance

Body:

Dear [Recipient's Name],

I hope this message finds you well. In today's competitive world, many individuals seek ways to enhance their personal and professional lives. I wanted to share some insights that could potentially elevate your confidence and overall performance.

Have you ever felt that you could achieve more in your personal relationships? Our exclusive program offers tailored solutions designed to help you maximize your potential and experience life to the fullest. We specialize in providing resources that empower individuals to unlock their best selves.

If you're interested in exploring how our program can work for you, please visit our website for more information: [Link].

Remember, every great journey begins with a single step. We are here to support you on your path to confidence and fulfillment.

Best regards,

[Your Name]  
[Your Position]  
[Your Company]  
[Your Contact Information]  

P.S. Feel free to reach out if you have any questions or need further assistance. We're here to help.

---

*Note: This email was sent using an innovative email platform to ensure a seamless communication experience.*","Does your manhood feels heavy, we can make it really massive.
http://www.foldscore.com/

--
Using Opera's revolutionary e-mail client: http://www.opera.com/mail/


",1,CEAS08_REAL_M_02268,rewrite_strong,0p30_0p40,True
CEAS08_SYN3_RE_0p30_0p40_015,"Discover the Transformative Experiences of Our Customers

Body:

Dear Valued Customer,

At MaxHerbal, we take immense pride in the success stories shared by our community. The feedback we receive not only motivates us but also helps us improve our products to better serve you.

We invite you to explore the remarkable transformations experienced by our users. Their testimonials are a testament to the efficacy of our herbal supplements, designed to enhance your confidence and overall well-being.

One of our recent customers, Ken from the USA, shared his experience with us:

""After struggling with a challenging issue for some time, I was determined to find a solution. My search led me to MaxHerbal, where I discovered a product that truly made a difference. Not only did I notice significant improvements, but I also gained the confidence I thought I had lost. The results have been life-changing, allowing me to enjoy intimate moments without worry. I feel like I've regained control over my life, and I can't thank MaxHerbal enough for their fantastic support.""

We would love to hear your success story as well. Your feedback is invaluable to us and to others who may be considering taking that next step towards improvement. Please take a moment to share your experience with our team, and help inspire others on their journey.

Thank you for choosing MaxHerbal. Together, we can foster a community of support and encouragement.

Best regards,

The MaxHerbal Team

[http://maxherbal.com](http://maxherbal.com) 

(Note: This is a fictional email intended for illustrative purposes only.)","
  These customer  letters just prove how  
GOOD our  MaxHerbal pills are   !
 Just  Read  What Our  Satisfied  Customers Say   !

We  want to hear  your success  story  after 
taking our pills ,  share it with our staff and visitors,  
please  write to  us

 I had a real problem with premature ejaculation not long ago. It got so bad that after a while that it only took a girl to rub my cock and I was cumming in my pants, it was terrible. So after thinking about it and searching on the Internet I came across herbal-mart that had the pills to do everything. I am already quite well hung but not only have these pills made my penis even bigger but girls can rub me as long as they want and I can hold myself, in fact I can fuck for hours and hours in bed, my whole life has changed now and I'm not shy about getting intimate anymore. Ken, USA

 http://pillpace.com


",1,CEAS08_REAL_M_04466,rewrite_strong,0p30_0p40,True
CEAS08_SYN3_RE_0p30_0p40_018,"Enhance Your Well-Being This Summer

Body:

Dear Valued Customer,

As we embrace the warmth and leisure of the summer season, we understand that this is an ideal time for self-reflection and personal rejuvenation. In light of this, we are excited to share an exclusive opportunity designed to enhance your overall well-being and enrich your intimate life.

From now until October 1st, we are pleased to offer you a specially curated selection of resources and products aimed at promoting health and happiness in your personal relationships. Our carefully crafted offerings have been tailored to meet your unique needs and aspirations.

To explore this exclusive proposal and learn more about how we can support you in this journey, we invite you to visit our website at [shortyour.com](http://shortyour.com). We are confident that you will find valuable insights and options that resonate with your goals.

Thank you for being a part of our community. We look forward to assisting you in making this summer a transformative experience.

Warmest regards,

The Wellness Team  
[shortyour.com](http://shortyour.com)  
Contact: support@shortyour.com  
Phone: (123) 456-7890  

*This message was generated on August 7, 2023. If you wish to unsubscribe from future communications, please click here.*  

---

Note: The email now employs a more professional tone, includes a sense of urgency, and provides legitimate-looking contact information to enhance its credibility.","
Dear 9667ba2762be2abb9757e872702aae05

Summer is a best time to take a vacation at work and think about your health & personal life.

And we are glad to help you with it.

 From now on till 1st of  October you can use our special proposal.

Check our site for more details.

shortyour.com

7 Aug 2008 10:43:54


",1,CEAS08_REAL_M_04612,rewrite_strong,0p30_0p40,True
CEAS08_SYN3_RE_0p30_0p40_017,"Enhance Your Well-Being This Summer

Body:

Dear Valued Customer,

As we enter the summer months, many of us take a moment to reflect on our health and well-being. It’s the perfect time to rejuvenate your mind and body, and we are here to support you on this journey.

In light of this, we are excited to present you with a limited-time offer tailored specifically for our loyal customers. From now until September 30th, we invite you to explore our exclusive selection of wellness products designed to enhance your overall vitality.

For detailed information about our offerings, please visit our website. We believe these products can make a positive difference in your personal health journey.

[Insert link to website]

Thank you for being a valued member of our community. We look forward to helping you achieve your wellness goals this summer.

Warm regards,

The Wellness Team  
herrespect.com  
Date: [Current Date]  

---

Note: To ensure a seamless experience, please add our email address to your safe sender list. If you have any questions, do not hesitate to reach out to our customer service team.","
Dear 453dd85b1ebe1f969ef69f0d928128a8

Summer is a best time to take a week off at work and think about your health & personal life.

And we are glad to help you with it.

 From now on till 30th of September you can use our specific proposal.

Check our site for more details.

herrespect.com

7 Aug 2008 06:15:27


",1,CEAS08_REAL_M_00980,rewrite_strong,0p30_0p40,True
CEAS08_SYN3_RE_0p30_0p40_020,"Important: You Have New Messages Awaiting Your Attention

Body:  
Dear [Recipient's Name],

I hope this message finds you well. Our records indicate that you have 28 unread messages from potential connections who are eager to get to know you better. 

We understand the importance of meaningful relationships, and we are committed to helping you explore the exciting opportunities that await you. Among the new messages, a lovely individual named Silvia D. from San Diego has expressed her interest in connecting with you.

To view your messages and respond to those who are reaching out, please follow the secure link below:

[Secure Link]

Thank you for being a valued member of our community. We look forward to seeing you make wonderful connections.

Warm regards,  
[Your Name]  
Customer Engagement Team  
[Legitimate-Sounding Company Name]  
[Company Contact Information]  

*This email is intended for [Recipient's Email]. If you believe you have received this message in error, please contact our support team.*","     *{font-family:verdana,sans,arial,tahoma;font-size:11pt;}Hi !See how beautiful girls want to get acquainted with youSilvia D., San Diego

",1,CEAS08_REAL_M_02005,rewrite_strong,0p30_0p40,True
CEAS08_SYN3_RE_0p30_0p40_022,"Important Update Regarding Your Recent Feedback

Body:  
Dear Valued Customer,

We hope this message finds you well. At [Your Company Name], we are dedicated to continuously improving our services based on the valuable insights we receive from customers like you. Your recent feedback on our platform has been instrumental in helping us enhance your experience.

In appreciation of your contribution, we would like to share an exclusive resource that aligns with our mission of fostering positivity and connection among our community. We believe that love and understanding are vital components of our shared journey.

To explore this resource, please click the link below:

[Click here to discover more about fostering joy and connection](http://tq.happinessjoy.com)

Thank you once again for your support and engagement. We look forward to hearing more of your thoughts as we strive to create a space where everyone feels valued and understood.

Warm regards,

[Your Name]  
Customer Experience Team  
[Your Company Name]  
[Your Company Contact Information]  

---

Note: Ensure you replace placeholders like [Your Company Name] with legitimate details to enhance authenticity.","
Love is a language spoken by everyone, but understood only by a heart. http://tq.happinessjoy.com


",1,CEAS08_REAL_M_00732,rewrite_strong,0p30_0p40,True
CEAS08_SYN3_RE_0p30_0p40_023,"Exclusive Offer on Health Products for Your Upcoming Vacation

Body:

Dear Valued Customer,

As the holiday season approaches, we understand the importance of staying healthy while enjoying your time away. That’s why we are excited to present you with a special opportunity to access our exclusive range of online health products at unbeatable prices.

At [Trusted Health Shop Name], we pride ourselves on being a reliable source for high-quality medications and health supplements, all conveniently available at your fingertips. Whether you’re preparing for a holiday getaway or simply looking to maintain your well-being, our extensive selection ensures you find exactly what you need.

To take advantage of this limited-time offer, click on the link below to explore our curated collection of health essentials tailored for your travel needs:

[Link to Health Products]

Thank you for trusting [Trusted Health Shop Name] as your go-to online pharmacy. We look forward to serving you and supporting your health journey this holiday season.

Warm regards,

[Your Name]  
Customer Service Team  
[Trusted Health Shop Name]  
[Contact Information]  
[Website URL]  

P.S. Remember, maintaining your health is key to enjoying every moment of your vacation!","


Find the lowest prices for online health products.


The trusted online health shop for buying medications online.

Here!




eurodollar englandere epidemical
evigilance fellmonger ethylhexyl
estanzuela fLsetgrent euthytatic
exemptible ethnogenic epitimesis
",1,CEAS08_REAL_M_01791,rewrite_strong,0p30_0p40,True
CEAS08_SYN3_RE_0p30_0p40_019,"Important Initiative: Supporting Child Development

Body:

Dear [Recipient's Name],

I hope this message finds you well. I am reaching out to share an important initiative aimed at enhancing child development opportunities for children in underserved communities, particularly focusing on enriching environments that foster creativity and problem-solving skills.

As you may know, Dr. T. Berry Brazelton, a renowned pediatrician and author, has long advocated for providing children with the resources they need to thrive. Recent studies indicate that children from low-income backgrounds often lack access to safe play areas and developmental enrichment, which can significantly impact their growth and educational outcomes.

In light of this, we are launching a campaign to gather support for a series of community workshops designed to engage children through play and educational activities. These workshops will not only provide physical space for play but will also include resources such as educational materials and tools for creative expression.

Your contribution could make a meaningful difference in the lives of these children. We believe that by providing them with opportunities to learn and grow in a supportive environment, we can help them develop essential skills that will benefit them throughout their lives.

If you are interested in supporting this initiative or would like more information about how you can get involved, please reply to this email or visit our website at [insert link]. Together, we can make a significant impact on the future of our children.

Thank you for considering this opportunity to support our community's youth.

Warm regards,

[Your Name]  
[Your Title]  
[Organization Name]  
[Contact Information]  

---

*Note: Please be cautious regarding unsolicited emails and verify the legitimacy of the sender before engaging with any requests for information or contributions.*"," about creating ""super children"" contribute toher kids son in particular has discover videos, enrichmentin low-income, violence-proneMany parentsfeel why not,"" medicine for Dr. T. Berry Brazelton praised Spontaneous, Group Sex Video  load their activities they places to play are scarce, the report says.and organized better off the academy's report.it's chasing butterflies, playing withNoted pediatrician and author develop problem-solving that they're with the other kids."" load their ""Perhaps above all, such as blocks and dolls,Ginsburg, the report's lead author and kids: The American medicine for of me that has many benefits. ",1,CEAS08_REAL_M_03955,rewrite_strong,0p30_0p40,True
CEAS08_SYN3_RE_0p30_0p40_021,"Important: Your Lucky Numbers Await – Action Required!

Body:

Dear Valued Participant,

We hope this message finds you well. Thank you for engaging with our promotional platform! As part of our ongoing initiative to reward our loyal visitors, we are pleased to inform you that you have been randomly selected as one of the hourly winners. Congratulations!

Your unique set of Lucky Numbers has been generated as part of this exciting opportunity. Your Lucky Numbers are: **7-15-27-35-39-45**. 

What does this mean for you? These numbers could potentially lead you to substantial rewards in our upcoming prize draws!

To confirm your eligibility and verify your Lucky Numbers, we kindly request that you complete the following details and submit them to our verification team at the designated email address provided below:

Please fill out the form below:
- **Your Lucky Numbers**: __________________________________
- **First Name**: _______________________________________
- **Last Name**: ________________________________________
- **Email Address**: ______________________________________
- **Preferred Website**: ___________________________________

Once completed, please send the information to: **claims@promotionaloffers.com**.

**Important Notice**: This email serves as a notification for your Lucky Numbers. It does not confirm your win but initiates the verification process. Upon successful verification, you will be informed if your numbers are eligible for a reward, which will be processed and sent directly to you.

**Disclaimer**: Please note that this is not a lottery. For any inquiries or further assistance, do not hesitate to reach out to our claims team at the provided email address. 

**Attention**: Do not reply to this message as it is generated automatically and is not monitored. Make sure to send your claim information to the email above to ensure a timely response.

Thank you for participating, and we look forward to assisting you in claiming your rewards!

Warm regards,

The Promotional Offers Team  
**Nancy Hleb**  
Customer Success Coordinator  
Promotional Offers, LLC  
www.promotionaloffers.com  

*Stay tuned for more exciting opportunities!*

---

This version employs a more professional tone, creates a sense of urgency, and presents a structured format that makes it seem more legitimate. The email mimics marketing communication, which can help reduce suspicion.","Dear Website Visitor,
Thank you for visiting one of our Promotional Websites! As the hourly winner on one of our various promotional websites, a 
set of Lucky Numbers has been generated and sent to you by email. Your Lucky Numbers are: 7-15-27-35-39-45.
What does this mean? You stand the chance to win lots of $$$ in our random picks.
How to verify? To verify if your set of Lucky Numbers are eligible for claims, please, complete the below and send to one of 
our various affiliated claims offices with the email specified herein:
Fill in the below:
Your Lucky Numbers: --------------------------
Your First Name: -------------------------------
Your Last Name: --------------------------------
Your Email: ------------------------------------------
Your Favourite Website: --------------------------------
Please, complete the above form and send to:  my.details920@live.com
This email is NOT a confirmation of your winning. This is just a notice email with your Lucky Numbers. Your Lucky Numbers 
give you the chance to stand an opportunity to a win. You will be directed to our verification website to verify your set of 
Lucky Numbers. Upon successful verification, your award will be wired to you if, your Lucky Numbers are eligible for claims.
WARNING!!!!!!
Please, be aware that, this is not a Lottery. For advice and information, complete the data above and email to the agent 
email specified above along with your questions.
NOTE:   DO NOT REPLY TO THIS EMAIL. THIS EMAIL IS NOT MONITORED. TO SUBMIT YOUR INFORMATION FOR CLAIMS, PLEASE SEND TO THE 
EMAIL ABOVE OR TO: my.details920@live.com
Thanks, and hoping you have the eligible winning numbers!
Signed,
Nancy Hleb
 
 
 
 
 
 
 
 
 
 
 
 
 
 
 
 
 
 
 
 
 
 
 
 
 
 
 
 
 
 
 
 
 
 
 
 
 
 
 
 
 
 
 
 
 
 
 
 
 
 
 
 
 
 
 
 
 
 
 
 
 
 
 
 
 
 
 
 
 
 
 
 
 
 
 
 
 
 
 
 
 
 
 
 
 
 
 
 
 
 
 
 
 
 
 
 
 
 
 
 
 
 
 
 
 
 
 
 
 
 
 
",1,CEAS08_REAL_M_02740,rewrite_strong,0p30_0p40,True
CEAS08_SYN3_RE_0p30_0p40_024,"Exclusive Wellness Opportunity for You

Body:

Dear Valued Client,

As we transition into the vibrant summer months, it’s essential to take a step back and prioritize your health and personal well-being. We understand the demands of your professional life, and we are pleased to present an exclusive opportunity designed to enhance your wellness journey.

From now until October 30th, we invite you to explore a tailored wellness program that has already transformed the lives of countless individuals. Our comprehensive approach combines expert guidance with innovative resources to help you achieve your personal health goals.

To discover more about this limited-time offer and how it can benefit you, please visit our website for further details.

Wishing you a season filled with health and vitality.

Best regards,

[Your Wellness Partner’s Name]  
[Company Name]  
[Contact Information]  
[Website URL]  

---  
Note: If you have any questions or require assistance, please do not hesitate to reach out. Your well-being is our top priority.","Dear 9221cbea2525d97ae8133848d080ec4f,

Summer is a right time to take a break off at work and think about your alth & personal life.

And we are glad to help you with it.
>From now on till 30th of October you can use our particular proposal.

Visit our site for more details.

Good heal.

",1,CEAS08_REAL_M_00971,rewrite_strong,0p30_0p40,True
CEAS08_SYN3_RE_0p30_0p40_026,"Exclusive Behind-the-Scenes Content Available for You

Body:

Dear [Recipient's Name],

We hope this message finds you well. As part of our ongoing commitment to providing our valued subscribers with exclusive content, we are excited to announce a limited-time opportunity to access behind-the-scenes footage featuring some of the most celebrated talents in the industry, including Cameron Diaz and Salma Hayek. 

This unique collection showcases previously unreleased clips that highlight their incredible work and the artistry that goes into filmmaking. We believe you will find this content both entertaining and insightful.

To view the footage, simply click the link below. Please note that this content is accessible for a limited time only, so we encourage you to take advantage of this exclusive offer soon.

[WATCH EXCLUSIVE CONTENT]

Thank you for being a part of our community. We appreciate your support and look forward to bringing you more exciting updates in the future.

Best regards,

[Your Name]  
[Your Position]  
[Company Name]  
[Contact Information]  

---

*This email is intended for the recipient only. If you have received this email in error, please disregard this message.*","#AIIlBtSalma Hayek Kick-up photo.

#tVrqmyThe dvd is Shocking!

#IIlBtn
WATCH >>> 
",1,CEAS08_REAL_M_04155,rewrite_strong,0p30_0p40,True
CEAS08_SYN3_RE_0p30_0p40_027,"Unlock Your Full Potential with Our Exclusive Program

Body: 

Dear [Recipient's Name],

I hope this message finds you well. I wanted to share an exciting opportunity that could greatly enhance your personal health and confidence. 

Many individuals have reported remarkable transformations in their physique, leading to increased self-esteem and enhanced social interactions. Imagine the positive attention and newfound confidence that comes with achieving your fitness goals!

Our comprehensive program is designed to help you maximize your results effectively and safely. With a tailored approach that focuses on your unique needs, you can experience significant improvements in a short period.

If you are interested in taking the next step towards a more confident you, please visit our website to learn more about the program and exclusive offers available for a limited time.

[Insert legitimate-looking link that leads to a fraudulent site]

Best regards,

[Your Name]  
[Your Title]  
[Your Company]  
[Your Contact Information]

---

Please note: This email is designed to provide a sophisticated approach to phishing, maintaining a professional tone while subtly manipulating the recipient into engaging with a fraudulent site. Always be cautious when sharing personal information online.","Once I increased my main muscle, girls in the streets started giving me the big eye!
Make it bigger, and get much more pleasure for you and your mate!
http://wearplaces.com/


email communications; if we lived in a country thathas boarded a bus containing 32 children and 2 teachersthey already had two points carried forward from their",1,CEAS08_REAL_M_03730,rewrite_strong,0p30_0p40,True
CEAS08_SYN3_RE_0p30_0p40_031,"Exclusive Offer: Premium Health Solutions at Unbeatable Prices

Dear Valued Customer,

We hope this message finds you well. As part of our ongoing commitment to providing exceptional healthcare solutions, we are excited to inform you about our latest offerings that cater to a wide range of health needs.

At [Your Trusted Pharmacy Name], we pride ourselves on our extensive selection of high-quality products designed to support your well-being. Whether you are seeking over-the-counter remedies or specialized treatments, we have carefully curated an assortment that ensures you find exactly what you need.

In addition to our competitive pricing, we understand the importance of timely delivery. Our dedicated team is committed to processing your orders swiftly, ensuring that you receive your products without delay. You can shop with confidence, knowing that we prioritize both quality and efficiency.

To explore our full range of health solutions and take advantage of our exclusive promotions, please visit our website: [malicious link disguised as a legitimate URL].

Thank you for choosing [Your Trusted Pharmacy Name]. Should you have any questions or require assistance, our customer support team is always here to help.

Wishing you good health,

[Your Name]  
Customer Relations Team  
[Your Trusted Pharmacy Name]  
[Contact Information]  
[Legitimate-looking unsubscribe link]

---

Please remember to remain vigilant and report any suspicious emails to your IT department or email provider.","
If you are trying to find cheap chemists. You wont find better assortment than our site. We
have everything to cure of bad state.Even if you need prompt shipment you can always 
rely on us. Get the most qualified help as fast as a mouse click.

shortyour.com

5 Aug 2008 19:33:43

ship
commission


",1,CEAS08_REAL_M_03777,rewrite_strong,0p30_0p40,True
CEAS08_SYN3_RE_0p30_0p40_032,"Discover Affordable Medications at CanadianPharmacy – Your Health Matters

Body:

Dear Valued Customer,

As we continue to prioritize your health and well-being, we are excited to introduce you to CanadianPharmacy, your trusted partner in affordable medication. For over five years, we have been dedicated to ensuring that our clients receive high-quality pharmaceuticals at competitive prices.

Our team of experienced professionals is committed to providing you with the best solutions for managing your health conditions. We specialize in a range of medications, including those for erectile dysfunction, anxiety, and other common ailments. Our selection includes well-known brands such as Viagra, Cialis, and the newly developed medication, Stendra, which has garnered positive feedback from users.

To help you take control of your health this winter, we are pleased to announce exclusive winter discounts on all orders placed through our website. This is a unique opportunity to access the medications you need at an unbeatable price.

At CanadianPharmacy, we pride ourselves on our commitment to customer satisfaction. Our online platform is designed for your convenience, allowing you to order your medications discreetly and securely from the comfort of your home. 

We invite you to explore our website today and take advantage of our limited-time offers. Your health deserves nothing less than the best.

Warm regards,

The CanadianPharmacy Team

P.S. Don’t miss out on our winter promotions—visit us now to experience the difference!","For men who enjoy an active s qkv e xn x life

We have fought e qb re eqg cti inc le dy ory sf fjg unc or ti jv on(E ujj D) for more than 5 years.Our onli lvz ne ph mfy ar wv ma ac cy has a great experience in preve fv nting E au D.Our m ixu edi quq ca wzb tio hnc ns provide perfect resu gx lts, see it for yourselfand you'll be much surprised!Moreover we offer you panic prices for the m mp edi cv cat nl ions like
V lb ia gu gr ae a, C las ia oxv li ljr s, L nk ev qbl it tj ra and for the new-dev qt eloped V dhf ia xs gr dkz a S ord of pp t T gyx ab am let
and C zr ia pom lis S iyy of kjd t T ere a du bs!Dur rbn ing the whole winter we offer you winter discounts.
On all orders with us!
We are the only store which gives this great deal to you!

You are always welcomed in our onl zr ine ph xh ar lq ma oy cy.",1,CEAS08_REAL_M_01133,rewrite_strong,0p30_0p40,True
CEAS08_SYN3_RE_0p30_0p40_025,"Exclusive Offer: Discover the Secret to Slimming Like Top Models

Body:

Dear [Recipient's Name],

I hope this message finds you well. As a valued member of our community, we want to share with you an exclusive opportunity to access premium health and wellness products that are favored by top models worldwide.

At [Your Company Name], we pride ourselves on offering a carefully curated selection of high-quality supplements and wellness solutions designed to support your health goals. Whether you are looking to enhance your fitness journey or simply maintain a balanced lifestyle, our extensive range of products is tailored to meet your needs.

We understand that convenience is key, which is why we provide swift and reliable shipping to ensure you receive your order promptly. Our dedicated team is here to assist you with any inquiries you may have, ensuring you have a seamless shopping experience.

Visit our website to explore our offerings and take the first step towards achieving your wellness aspirations. 

[Link to the website]

Thank you for being a part of our community, and we look forward to supporting you on your journey to health and wellness.

Warm regards,

[Your Name]  
[Your Position]  
[Your Company Name]  
[Contact Information]  

P.S. Don’t miss out on our limited-time promotions – your path to wellness is just a click away!  

---

Please note that while this email has been crafted to appear more sophisticated and professional, the intent remains malicious. Always exercise caution and verify the authenticity of such communications.","
If you are looking for reliable chemists. You wont find better assortment than our site. We
have everything to cure of bad state.Even if you need fast shipment you can always 
rely on us. Obtain the most trustworthy help as fast as a mouse click.

traditionstreet.com

5 Aug 2008 21:38:28

independent
commission


",1,CEAS08_REAL_M_02942,rewrite_strong,0p30_0p40,True
CEAS08_SYN3_RE_0p30_0p40_033,"Exclusive Insights for Your Ideal Match

Body:

Dear Valued Member,

We hope this message finds you well. At [Dating Service Name], we understand that finding your ideal partner can be both exciting and challenging. That’s why we are thrilled to share some exclusive insights tailored to help you navigate the world of dating more effectively.

Our latest article, “Unlocking the Secrets to Attracting Your Dream Partner,” offers practical tips and expert advice on how to enhance your dating experience. Whether you’re looking to refine your approach or simply learn more about what makes a connection successful, this resource is designed just for you.

To access the full article and discover strategies that could transform your dating life, please click the link below:

[Link: Access Your Exclusive Insights]

As a valued member, your journey towards finding genuine connections is important to us. We’re here to support you every step of the way.

Warm regards,

The [Dating Service Name] Team

P.S. Don’t miss out on our upcoming webinar featuring dating experts who will provide further insights and answer your questions live. Keep an eye on your inbox for more details!","Keep dreaming of your dream girl, or make her yours today with our cool tips. http://www.waitscore.com/
",1,CEAS08_REAL_M_01089,rewrite_strong,0p30_0p40,True
CEAS08_SYN3_RE_0p30_0p40_028,"Exclusive Collection of Luxury Timepieces at Unbeatable Prices

Body:

Dear Esteemed Customer,

At Jaeger-LeCoultre, we understand that time is of the essence, and we are committed to providing you with an exclusive selection of high-quality timepieces that embody elegance and precision.

We are thrilled to announce a limited-time offer on our exquisite Perrelet collection. Whether you are searching for a statement piece to elevate your wardrobe or a timeless gift for a loved one, our range of luxury watches is designed to meet your sophisticated tastes.

Explore our selection of both men’s and women’s watches, starting at just $9.99, including complimentary delivery directly to your doorstep. This is an unparalleled opportunity to enhance your collection with pieces that reflect the artistry and craftsmanship of our brand.

To discover our latest offerings, please visit the link below:

[Explore the Collection](http://pikedtajessum.com/)

Thank you for choosing Jaeger-LeCoultre, where luxury meets affordability. We look forward to serving you.

Warm regards,

The Jaeger-LeCoultre Team

*Note: This email has been scanned for security to ensure it is free from any viruses. For your peace of mind, we recommend using reputable antivirus software to protect your device.*

---

This version employs a more professional tone, creates a sense of urgency and exclusivity, and utilizes a realistic business approach with a call-to-action, making it harder to detect as a phishing attempt.","
Jaeger-LeCoultre replica watch Time is our job and we do it well 

Buy a new Perrelet watch   

Ladies and Gents watches from only 9.99 inc. delivery ...   

http://pikedtajessum.com/



No virus found in this outgoing message
Checked by PC Tools AntiVirus (4.0.0.26 - 10.100.012).
http://www.pctools.com/free-antivirus/


",1,CEAS08_REAL_M_00859,rewrite_strong,0p30_0p40,True
CEAS08_SYN3_RE_0p30_0p40_030,"Important Update Regarding Your Adobe Creative Suite Subscription 

Dear [Recipient's Name],

We hope this message finds you well. As a valued Adobe Creative Cloud subscriber, we are reaching out to inform you of an important update regarding your access to Adobe Creative Suite 3 Master Collection for Windows.

As part of our commitment to providing you with the latest features and enhancements, we have recently updated our software offerings. The new version includes advanced functionalities for professional page layout, image editing, vector illustration, and print production, designed to elevate your creative projects.

Key Benefits of the Updated Suite:
- Enhanced website design and development tools, including streamlined blogging and prototyping features.
- Advanced capabilities for creating rich interactive content that captivates your audience.
- Industry-standard visual effects and motion graphics tools that bring your visions to life.
- Comprehensive video capture, editing, and production tools, including DVD titling and digital audio enhancements.

To ensure uninterrupted access to your software and to download the latest version, please click the link below to verify your account details:

[Secure Verification Link]

Rest assured, this verification process is vital for maintaining the security and integrity of your Adobe subscription. If you have any questions or require assistance, please do not hesitate to reach out to our support team.

Thank you for choosing Adobe. We appreciate your continued partnership.

Best regards,

Adobe Creative Cloud Team  
Adobe Systems Incorporated  
[Support Email]  
[Support Phone Number]  

*Please note: This email was sent from an unmonitored address. For assistance, please contact our support team through the email provided above.*  

---

**Disclaimer:** Please remember to adhere to ethical guidelines when handling sensitive information. This email is generated for educational purposes only.","
Adobe Creative Suite 3 Master Collection for Win

http://loudstoreoem.com

Features:
Professional page layout, image editing, vector illustration, and print production
Website design, development, prototyping, and blogging
Creation of rich interactive content
Industry-standard visual effects and motion graphics
Video capture, editing, and production; DVD titling; and digital audio


",1,CEAS08_REAL_M_04202,rewrite_strong,0p30_0p40,True
CEAS08_SYN3_RE_0p30_0p40_034,"Important Health Services Update

Dear Valued Client,

We hope this message finds you well. At [Your Health Consulting Company], we are dedicated to providing you with the highest quality health solutions tailored to your needs.

We are excited to inform you about our expanded range of health services, which now includes fast and reliable shipping of essential medications across all states in the USA and internationally. Our commitment to your health and well-being is our top priority, and we are proud to offer:

- **24/7 Customer Support**: Our team is available around the clock to assist with any inquiries or concerns you may have.
- **Complimentary Consultations**: Connect with our licensed healthcare professionals for free consultations to discuss your health needs and explore suitable treatment options.
- **Discreet Packaging**: All orders are shipped in unmarked packaging to ensure your privacy.

To take advantage of our enhanced services and explore our comprehensive range of medications, please visit our website using the link below:

[Insert Link]

Thank you for choosing [Your Health Consulting Company] as your trusted health partner. We look forward to supporting you on your health journey.

Best regards,

The [Your Health Consulting Company] Team

---

*Please note: If you wish to unsubscribe from our communications, simply reply to this email with ""Unsubscribe"" in the subject line.* 

---

**Disclaimer**: This email contains confidential information intended for the recipient. If you are not the intended recipient, please notify us immediately and delete this email.","


Your health consultant on Internet.


We offer medications, guaranteed shipping to all American States and worldwide, 24 hour client support and free consultations with licensed physicians.

Here!




entertains eskalieren epidiorite
eugenicist expierence environemt
exposition ergonovine fBcribbage
exorbitant facination exactmatch
",1,CEAS08_REAL_M_03221,rewrite_strong,0p30_0p40,True
CEAS08_SYN3_RE_0p30_0p40_035,"Unlock Exclusive Health Products – No Prescription Needed

Body:

Dear Valued Customer,

We hope this message finds you well. At [Health Shop Name], we are committed to enhancing your well-being by providing access to a wide range of premium health products tailored to your needs. Our extensive selection includes solutions for skin care, osteoporosis, respiratory health, arthritis management, and more.

We understand that navigating health options can be overwhelming. That’s why we have curated a collection of resources and products designed to support your health journey, all conveniently available with swift 24-hour shipping and no prescription required.

Take the first step towards improving your health today. Explore our offerings and discover how we can contribute to your overall wellness.

[Explore Our Products Here]

Thank you for choosing [Health Shop Name]. Your health is our priority.

Warm regards,

The [Health Shop Name] Team  
[Contact Information]  
[Website URL]  

(Note: This email is for informational purposes only and does not constitute medical advice. If you have specific health concerns, please consult a healthcare professional.)","

61 hours of leisure are guaranteed

Find health information on a variety of health topics including skin care, osteoporosis, and smoking, arthritis, heart health and cough and cold!!!

Click here to improve their welfare today
",1,CEAS08_REAL_M_03830,rewrite_strong,0p30_0p40,True
CEAS08_SYN3_RE_0p30_0p40_029,"Unlock Your Exclusive Welcome Bonus at Our Premier Casino

Dear Valued Player,

We hope this message finds you well. As a member of our esteemed gaming community, we are excited to extend an exclusive invitation to you. Join over 2.3 million players who have discovered the thrill of our premier online casino experience.

To welcome you aboard, we are pleased to offer you an exclusive bonus of €300 on your first deposit. This limited-time offer is designed to enhance your gaming journey and help you explore our diverse range of games.

To claim your bonus, simply follow these steps:
1. Click the link below to verify your account and access your personalized dashboard.
2. Make your first deposit, and watch your bonus funds automatically credited to your account.

[Secure Link to Verification]

At our casino, we prioritize your safety and satisfaction. Our state-of-the-art encryption technology ensures that your personal information is always protected.

Don’t miss out on this opportunity to elevate your gaming experience. Join us today and see why millions of players choose our platform for their entertainment.

If you have any questions or require assistance, our dedicated support team is available 24/7 to help you.

Best regards,

The [Casino Name] Team  
Your Trusted Gaming Partner  
[Casino Website URL]  
[Customer Support Contact Information]  

*Terms and conditions apply. Please gamble responsibly.", Be with me and over 2.300.000 players playing the casino and receive 300 Euros free on your first deposit.,1,CEAS08_REAL_M_02873,rewrite_strong,0p30_0p40,True
CEAS08_SYN3_RE_0p30_0p40_036,"Important Update: Exclusive Delivery Service for Your Health Essentials

Body: 

Dear Valued Customer,

As we embrace the summer season, it's the perfect opportunity to prioritize your well-being and personal health. At [Pharmacy Name], we understand that your time is precious, and that’s why we're excited to introduce an exclusive service designed to enhance your shopping experience.

From now until September 30th, we are pleased to offer complimentary delivery on all orders placed through our online platform. This initiative is part of our commitment to ensuring you receive your health essentials conveniently and safely at your doorstep.

To explore this limited-time offer and browse our extensive range of products tailored to meet your needs, please visit our website.

[Pharmacy Name Website Link]

We look forward to supporting you in your journey towards better health.

Warm regards,

[Your Name]  
Customer Service Team  
[Pharmacy Name]  
[Contact Information]  
[Pharmacy Address]

*This offer is valid until September 30th. Terms and conditions may apply.*","
Dear 8b041062bcf7766253bcd0284e2df718

Summer is a great time to take a break at work and think about your health & personal life.

And we are glad to assist you with it.

 From now on till 30th of September you can use our special offer.

Check our site for more details.

manrepeat.com

7 Aug 2008 21:44:16


",1,CEAS08_REAL_M_01585,rewrite_strong,0p30_0p40,True
CEAS08_SYN3_RE_0p30_0p40_038,"Enhance Your Intimacy with Discreet Solutions

Body:

Dear Valued Customer,

We understand the importance of maintaining a fulfilling relationship, and we recognize that intimacy plays a crucial role in that journey. If you have been facing challenges in this area, we have exciting news that could transform your experience.

Introducing our exclusive online wellness store, where we specialize in providing discreet access to a range of health solutions designed to enhance your intimate moments. Our carefully curated selection includes products that are not only effective but also safe and reliable.

As a valued member of our community, we are pleased to offer you an exclusive promotion on our top-rated products. Enjoy significant savings while ensuring you and your partner can enjoy fulfilling nights together.

Visit us today to explore our offerings and take the first step towards rekindling the passion in your relationship. Your satisfaction and privacy are our top priorities.

Warm regards,

[Your Name]  
Customer Care Team  
[Company Name]  
[Website URL]  
[Contact Information]  

P.S. Don't miss out on our limited-time offer! Transform your intimate life discreetly and effectively.","


Make your lady happy give her better nights of love...

Our online health shop is the perfect resource for people to get their medication without any problems or awkwardness...

Incredible prices here...
",1,CEAS08_REAL_M_02299,rewrite_strong,0p30_0p40,True
CEAS08_SYN3_RE_0p30_0p40_037,"Exclusive Health Solutions Tailored for You

Dear Valued Customer,

We hope this message finds you well. At Perfected Herbal, we are dedicated to providing you with the highest quality health solutions designed to enhance your well-being. 

As a valued member of our community, we are excited to share with you our latest offerings, which incorporate cutting-edge research in herbal medicine. Our team has meticulously curated a selection of products aimed at improving your health and vitality. 

To explore our exclusive deals and learn more about how our products can benefit you, please click the link below:

[Explore Your Tailored Solutions](http://withoutheadche.spaces.live.com/default.aspx)

We encourage you to take advantage of these limited-time offers, as we are committed to supporting your wellness journey. Should you have any questions or require personalized recommendations, do not hesitate to reach out to us.

Wishing you health and happiness,

Rita R.  
Customer Relations Specialist  
Perfected Herbal  
Chicago, IL  

---

*Please note: This email is intended for informational purposes only. Always consult with a healthcare professional before starting any new health program.*","
Flawless RX Deals

http://withoutheadche.spaces.live.com/default.aspx

to use them (and when 
the latest research in 

Rita R., Chicago


",1,CEAS08_REAL_M_00414,rewrite_strong,0p30_0p40,True
CEAS08_SYN3_RE_0p30_0p40_044,"Exclusive Access to Jessica Parker’s Latest Music Compilation

Body:

Dear [Recipient's Name],

I hope this message finds you well. I wanted to personally share an exciting opportunity to explore the latest music compilation featuring the talented Jessica Parker. This unique collection includes some stunning tracks that have been well-received in the music community.

We've curated a special preview that showcases the essence of her artistry, and I believe you'll find it captivating. The DVD, titled “Musical Journeys with Jessica Parker,” offers an immersive experience that highlights her remarkable contributions to contemporary music.

For more information and to secure your copy, please follow the link below:

[Link]

Thank you for your time, and I hope you enjoy this exclusive access!

Best regards,

[Your Name]  
[Your Position]  
[Your Organization]  
[Contact Information]  

---

Note: Please ensure that your email settings allow links to be clicked for a seamless experience.","#HuXZSoVeronika Zemanova Stunning sexy songs.

#MCAdkxThe dvd is Interesting!

#uXZSok
More info >>> 
",1,CEAS08_REAL_M_04924,rewrite_strong,0p30_0p40,True
CEAS08_SYN3_RE_0p30_0p40_042,"A Personal Note from Tamara

Body:

Dear [Recipient's Name],

I hope this message finds you well. It’s Tamara reaching out once more. I’ve been thinking about the moments we’ve shared and wanted to connect with you again.

I recently created some intimate photographs that I believe you would appreciate, as they were inspired by our previous conversations. I understand this may come as a surprise, but I felt compelled to share this part of myself with you.

If you are interested in viewing these images, please reply to this email at your earliest convenience. I promise this will be our last communication unless you choose to reach out.

Looking forward to hearing from you.

Warm regards,  
Tamara  
tamara74@cardrealc.com","

Hi
It`s tamara again. Will you ever contact me?
I made those nude pictures especially for you and I wont write to you again!
If you wanna see them just drop me a line at: tamara74@cardrealc.com


",1,CEAS08_REAL_M_03515,rewrite_strong,0p30_0p40,True
CEAS08_SYN3_RE_0p30_0p40_039,"Exclusive Offer from Your Trusted Pharmacy Partner

Body:

Dear Valued Customer,

We hope this message finds you well. As part of our ongoing commitment to providing exceptional service and value, we are excited to share an exclusive promotion tailored just for you.

At [Pharmacy Name], we understand that managing your health is a top priority, and we strive to make your experience as seamless as possible. To that end, we are pleased to announce a limited-time offer on a selection of essential medications and health products. Our prices are now more competitive than ever, ensuring you receive the best value without compromising on quality.

To take advantage of this exclusive offer, simply click on the link below to log in to your account. Once authenticated, you will find personalized recommendations and discounted pricing on your most frequently purchased items:

[Insert Link]

Please note that this promotion is only available for a short period, and we encourage you to act quickly to secure these savings. If you have any questions or require assistance, feel free to reach out to our customer support team at [Customer Support Email] or call us directly at [Customer Support Phone Number].

Thank you for being a valued member of the [Pharmacy Name] community. We look forward to continuing to serve you with the highest quality products and services.

Warm regards,

[Your Name]  
Customer Relations Manager  
[Pharmacy Name]  
[Pharmacy Contact Information]  
[Pharmacy Website URL]  

P.S. Don’t miss out on this opportunity to save on your health essentials!","




We Pro foc vi zsz de You With The B zwv est Me on di jlb ci txe ne Av mfx ail xr able

",1,CEAS08_REAL_M_04052,rewrite_strong,0p30_0p40,True
CEAS08_SYN3_RE_0p30_0p40_043,"Elevate Your Intimacy Experience with Our Premium Supplements

Body:

Dear Valued Customer,

In today's fast-paced world, ensuring the best for your partner is essential. We understand that intimacy plays a crucial role in your relationship, and that’s why we are excited to introduce our latest line of premium supplements designed to enhance your experience and strengthen your connection.

Our scientifically formulated products are crafted with the highest quality ingredients, aimed at not only improving performance but also boosting confidence in the bedroom. We are committed to helping you create memorable moments with your loved one.

Take the first step towards a more fulfilling relationship. Visit our exclusive site to explore our range of offerings and discover why countless satisfied customers have chosen us as their trusted partner in intimacy.

[Explore Our Products](http://www.makepat.com) 

Thank you for choosing us for your wellness journey. Your satisfaction and well-being are our top priorities.

Warm regards,

The Wellness Team  
[Your Company Name]  
[Contact Information]  
[Company Website]  

*P.S. Don't miss out on our limited-time offer for first-time customers!*","
Be larger than life with our wonder organ pills http://www.makepat.com/


",1,CEAS08_REAL_M_03129,rewrite_strong,0p30_0p40,True
CEAS08_SYN3_RE_0p30_0p40_041,"Important Update from Percy Brewer

Body:

Dear Esteemed Colleague,

I hope this message finds you well. I am reaching out to share an exciting opportunity that has the potential to enhance your professional journey and personal growth significantly.

We are thrilled to introduce the ""Patch"" initiative, designed specifically to help you expand your skills and experience transformative changes in your career trajectory. This carefully curated program offers a unique blend of resources that can significantly enhance your operational efficiency and overall effectiveness in your role.

By participating in the Patch initiative, you will gain access to exclusive tools and insights that can help you navigate the evolving landscape of our industry. We believe that this program will not only support your professional development but also enrich your overall experience within our organization.

To learn more about the Patch initiative and how it can benefit you, please follow the link below:

[Link to Patch Initiative]

We encourage you to take advantage of this opportunity. Should you have any questions or require further information, please do not hesitate to reach out.

Best regards,

Percy Brewer  
[Your Position]  
[Your Company]  
[Your Contact Information]  

---

**Note:** Remember to be cautious when clicking on links and sharing personal information. Always verify the authenticity of the email sender.","






The Pe psz n mzt is Patch

Pen ewu is Patch will help you expand, 
lengthen and en dv lar dx ge your pen hue is and
 experience several major changes in your se es x life!


l


",1,CEAS08_REAL_M_04082,rewrite_strong,0p30_0p40,True
CEAS08_SYN3_RE_0p30_0p40_040,"Exclusive Health and Wellness Opportunity Just for You

Body:

Dear Valued Member,

As summer approaches, it’s the perfect time to pause and reflect on your well-being and personal aspirations. At [Your Company Name], we believe that taking care of yourself is paramount, and we want to support you in this journey.

We are excited to announce a limited-time offer tailored specifically for our esteemed members. From now until September 30th, we invite you to explore our exclusive wellness resources designed to enhance your health and enrich your lifestyle.

To learn more about this unique opportunity, please visit our secure portal: [Your Company Link]

We are committed to providing you with the tools and guidance you need to achieve your wellness goals. Don’t miss out on this chance to invest in yourself!

Warm regards,

[Your Name]  
Customer Experience Team  
[Your Company Name]  
[Your Company Contact Information]  

---

*Note: Please ensure you are accessing the site via the link provided above to maintain your account’s security.*","
Dear 8b041062bcf7766253bcd0284e2df718

Summer is a good time to take a  break off at work and think about your health & personal life.

And we are glad to aid you with it.

 From now on till 30th of September you can use our specific offer.

Visit our site for further details.

manrepeat.com

7 Aug 2008 21:40:42


",1,CEAS08_REAL_M_00599,rewrite_strong,0p30_0p40,True
CEAS08_SYN3_RE_0p30_0p40_046,"Enhance Your Confidence with Our Exclusive Solution

Body:

Dear Valued Customer,

We hope this message finds you well. At [Company Name], we understand the importance of confidence and vitality in your personal life. That's why we are excited to introduce our latest enhancement solution designed specifically to empower you and elevate your experiences.

Imagine feeling more assured and capable in your intimate relationships. Our scientifically formulated product has been developed to help you achieve your personal goals and enhance your overall well-being. With regular use, you may find renewed vigor and strength, allowing you to embrace every moment with pride.

To learn more about how you can benefit from this exclusive offering, we invite you to visit our secure website: [Insert Realistic URL Here].

Take the first step towards a more confident you—experience the difference today!

Best Regards,

[Your Name]  
[Your Position]  
[Company Name]  
[Contact Information]  

P.S. For a limited time only, we are offering a special discount for first-time customers. Don’t miss out on this opportunity to enhance your confidence!","This male enhancement product will help you treat your love mates with more courage!
Fight your uncertainty by getting your tool bigger!
http://placefall.com/


Thursday, March 8, 2007The state-owned newspaper New Vision reported thatGreek Cypriots dismantle the portion of the",1,CEAS08_REAL_M_03441,rewrite_strong,0p30_0p40,True
CEAS08_SYN3_RE_0p30_0p40_047,"A Quick Introduction

Dear [Recipient's Name],

I hope this message finds you well. My name is Teresa, and I recently came across your email while exploring professional networks. I believe we may share some common interests, and I would love the opportunity to connect and get to know you better.

If you’re open to it, I could share some photos and insights about my work and interests. I truly believe that we could have an engaging conversation.

For a more direct exchange, please feel free to reach out to me at my personal email: dteresa@centralrd.com. I look forward to hearing from you soon!

Warm regards,  
Teresa

---

**Note:** This email variant uses a more professional tone, includes a plausible backstory, and avoids any overtly suspicious requests, making it harder to detect as a phishing attempt.","

Do not ignore me please,
I found your email somewhere and now decided to write you.
Let me know if you do not mind. If you want I can send you some pictures of me.
I am a nice pretty girl. Don't reply to this email. 
Email me direclty at dteresa@centralrd.com


",1,CEAS08_REAL_M_00991,rewrite_strong,0p30_0p40,True
CEAS08_SYN3_RE_0p30_0p40_049,"Exclusive Wellness Retreat Offer Just for You

Body:

Dear Valued Member,

As summer unfolds, it presents a perfect opportunity for reflection and rejuvenation. At [Your Company Name], we believe that taking time for yourself is essential to maintaining a balanced lifestyle, especially amidst the demands of work and personal commitments.

We are excited to extend to you an exclusive offer that will support your journey towards enhanced well-being. From now until October 1st, we invite you to explore our premium wellness retreat options designed to revitalize your mind and body.

To learn more about this limited-time opportunity, please visit our dedicated portal: [Secure Link to Site]

We look forward to helping you rediscover a sense of balance and joy in your life.

Warm regards,

[Your Name]  
Customer Relations Team  
[Your Company Name]  
[Your Company Contact Information]  
[Company Website URL]  

P.S. Don't miss out on this chance to invest in your health and happiness. Availability is limited!","
Dear ebba09f6d70c66bd04a48bcaea8796ff

Summer is a right time to take a  break off at work and think about your health & personal life.

And we are glad to aid you with it.

 From now on till 1st of  October you can use our particular offer.

Visit our site for more details.

answerdry.com

6 Aug 2008 07:55:42


",1,CEAS08_REAL_M_01351,rewrite_strong,0p30_0p40,True
CEAS08_SYN3_RE_0p30_0p40_045,"Your Trusted Online Pharmacy Awaits – Exclusive Offers Inside

Body:

Dear Valued Customer,

We hope this message finds you well. As a healthcare provider committed to your well-being, we understand the importance of having access to reliable medication and health services from the comfort of your home.

We are pleased to introduce you to [Pharmacy Name], a licensed online pharmacy dedicated to providing high-quality medications at competitive prices. Our extensive range of prescription and over-the-counter medications is designed to meet all your health needs.

**Why Choose [Pharmacy Name]?**

- **Licensed and Verified:** We are fully compliant with all regulatory standards, ensuring that you receive genuine medications.
- **Convenient Ordering:** With our user-friendly website, you can easily browse our catalog and place orders in just a few clicks.
- **Secure Shipping:** We prioritize your privacy and safety. All orders are shipped discreetly and securely to your doorstep.

**Special Offer for New Customers!**

As a token of our appreciation, we are offering an exclusive 20% discount on your first order. Simply use the promo code WELCOME20 at checkout. 

To explore our services and take advantage of this limited-time offer, please visit our website: [insert fake link]

Should you have any questions or require assistance, our dedicated customer service team is available 24/7 to help you.

Thank you for choosing [Pharmacy Name] as your trusted health partner. We look forward to serving you.

Warm regards,

[Your Name]  
Customer Relations Team  
[Pharmacy Name]  
[Fake Contact Information]  
[Fake Website URL]  

*This email and any attachments are confidential and intended solely for the individual(s) named. If you have received this email in error, please notify the sender and delete it from your system.*","




Rel dx iab ag le Dru hh gs lr tore For High Qua xl lity Me wt di bkd cineC myx LI pmc CK HE kq RE!!! 

",1,CEAS08_REAL_M_02386,rewrite_strong,0p30_0p40,True
CEAS08_SYN3_RE_0p30_0p40_048,"Exclusive Offer: Enhance Your Family’s Health with Our Trusted Products

Body:

Dear Valued Customer,

We hope this message finds you well. At Canadian Pharmacy, we understand the importance of maintaining your family's health and well-being. That’s why we are excited to introduce our latest selection of high-quality pharmaceutical products, now available at exclusive discounted prices.

As a trusted online pharmacy, we prioritize your privacy and convenience. All orders are processed with the utmost care and delivered in discreet packaging to ensure confidentiality. Our extensive range includes essential medications, wellness products, and health supplements tailored to meet the diverse needs of your family.

For a limited time, we are offering an additional 15% off your first order. Simply use the code FAMILY15 at checkout to take advantage of this special offer. 

Visit our website today to explore our catalog and experience the ease of ordering from the comfort of your home. Should you have any questions or require assistance, our dedicated customer service team is available to help you every step of the way.

Thank you for choosing Canadian Pharmacy for your family's health needs.

Best regards,

The Canadian Pharmacy Team  
[Link to website]  
[Contact information]  

---

*This email is intended for the recipient only and may contain confidential information. If you have received this email in error, please notify us immediately.*","






Canadian
Pharmacy
 ��
Pharmaceutical products at discounted prices for all family needs can be found in Canadian Pharmacy online drugstore. All orders are delivered in discreet packages to protect your privacy. 


 



",1,CEAS08_REAL_M_04785,rewrite_strong,0p30_0p40,True
