synthetic_ratio,classifier,metric,absolute_change_mean,absolute_change_std,relative_change_pct_mean,relative_change_pct_std,cohens_d_mean,cohens_d_std,kl_divergence_mean,kl_divergence_std,is_significant_t_corrected_sum
25,deep_learning,accuracy,-0.0036,0.0017,-0.3729,0.1737,0.4139,0.3008,6.3017,4.2526,0
25,deep_learning,auc_pr,-0.0188,0.0132,-2.1447,1.498,0.4296,0.3606,9.3837,7.1554,2
25,deep_learning,auc_roc,-0.0077,0.0066,-0.7995,0.6853,0.3231,0.2358,3.7006,2.1657,0
25,deep_learning,balanced_accuracy,-0.0187,0.0169,-2.2618,2.0426,0.3688,0.3367,7.1489,2.9132,0
25,deep_learning,f1_score,-0.0269,0.0157,-3.561,2.03,0.3958,0.3063,6.0553,4.4537,0
25,deep_learning,precision,0.0015,0.0393,0.2204,4.1648,-0.1082,0.797,6.3061,3.3013,1
25,deep_learning,recall,-0.0375,0.037,-5.704,5.6756,0.3587,0.3457,6.789,2.3227,0
25,random_forest,accuracy,-0.0006,0.0026,-0.0615,0.2791,0.0604,0.1479,4.8723,0.8175,0
25,random_forest,auc_pr,-0.0148,0.0071,-1.6439,0.783,0.7138,0.4111,5.3187,0.7344,2
25,random_forest,auc_roc,-0.0024,0.002,-0.2425,0.2073,0.6701,0.5668,6.8148,4.5021,2
25,random_forest,balanced_accuracy,-0.0037,0.0155,-0.4149,1.7369,0.0507,0.3333,5.5464,3.0496,1
25,random_forest,f1_score,-0.005,0.0134,-0.6392,1.7936,0.1113,0.2393,8.5221,6.5283,0
25,random_forest,precision,-0.0017,0.0255,-0.2343,3.5336,0.0203,0.245,4.3662,3.1216,0
25,random_forest,recall,-0.0076,0.035,-0.9223,4.2482,0.0466,0.3222,3.5866,0.8037,1
25,svm,accuracy,-0.0019,0.0019,-0.2089,0.1995,0.4306,0.4496,4.3981,3.5713,1
25,svm,auc_pr,-0.0136,0.0059,-2.5543,1.0853,0.1979,0.0961,7.921,5.9784,0
25,svm,auc_roc,-0.0029,0.0118,-0.4103,1.7975,0.0404,0.1672,2.3205,3.6667,0
25,svm,balanced_accuracy,-0.0097,0.0095,-1.4843,1.4579,0.4359,0.4579,4.3914,3.5749,1
25,svm,f1_score,-0.0242,0.0226,-5.1288,4.8121,0.4564,0.4606,3.758,4.1036,1
25,svm,precision,-0.0003,0.0037,-0.0282,0.374,0.1164,0.3517,0.6636,1.2815,0
25,svm,recall,-0.0194,0.0191,-6.2698,6.2045,0.4365,0.4591,4.3948,3.5731,1
50,deep_learning,accuracy,-0.0081,0.0031,-0.8439,0.3189,0.859,0.3617,7.0425,3.1367,2
50,deep_learning,auc_pr,-0.0315,0.0064,-3.6002,0.7078,0.6777,0.2884,4.6504,1.3444,2
50,deep_learning,auc_roc,-0.0129,0.0032,-1.3382,0.3301,0.556,0.1658,4.1856,2.5578,0
50,deep_learning,balanced_accuracy,-0.0355,0.0274,-4.3193,3.3221,0.6589,0.5241,6.83,2.5666,2
50,deep_learning,f1_score,-0.059,0.033,-7.8403,4.3216,0.7846,0.4888,7.0211,4.2402,2
50,deep_learning,precision,-0.0119,0.0434,-1.2045,4.5329,0.2147,0.7434,8.5865,1.3844,1
50,deep_learning,recall,-0.0698,0.0584,-10.7096,8.9806,0.6214,0.5288,4.6716,1.9057,2
50,random_forest,accuracy,-0.0041,0.0065,-0.4357,0.6872,0.2458,0.4075,5.9129,3.0708,0
50,random_forest,auc_pr,-0.025,0.0147,-2.7721,1.6215,1.0991,0.6485,10.2435,6.5139,3
50,random_forest,auc_roc,-0.0038,0.0034,-0.3827,0.3408,0.8858,0.759,6.3557,2.6385,2
50,random_forest,balanced_accuracy,-0.0285,0.0254,-3.2138,2.86,0.4818,0.4195,6.337,2.4142,1
50,random_forest,f1_score,-0.0348,0.0081,-4.6186,1.0735,0.5566,0.1595,6.6425,0.6371,0
50,random_forest,precision,0.0204,0.0699,2.885,9.7254,-0.1364,0.5788,5.2977,3.0464,1
50,random_forest,recall,-0.059,0.0648,-7.2288,7.9157,0.4181,0.4894,6.3249,2.4105,2
50,svm,accuracy,-0.0059,0.0027,-0.6342,0.2891,1.1717,0.6217,8.9315,6.6116,2
50,svm,auc_pr,-0.0245,0.0317,-4.5872,5.9427,0.3753,0.4805,7.2642,5.7577,2
50,svm,auc_roc,0.0005,0.0361,0.1107,5.4186,0.0145,0.5068,9.2655,3.7613,1
50,svm,balanced_accuracy,-0.0292,0.0139,-4.4643,2.1319,1.1725,0.6419,7.293,7.8014,2
50,svm,f1_score,-0.0746,0.0362,-15.8815,7.7844,1.1809,0.6188,9.1665,6.443,1
50,svm,precision,-0.0019,0.0084,-0.1847,0.8439,0.2408,0.5091,0.718,1.247,0
50,svm,recall,-0.0583,0.0279,-18.9123,9.1744,1.1725,0.6452,7.6011,8.1622,2
75,deep_learning,accuracy,-0.0079,0.0016,-0.8261,0.1692,0.8707,0.1137,9.381,4.5328,3
75,deep_learning,auc_pr,-0.0393,0.011,-4.4971,1.2428,0.8311,0.2333,10.7884,5.2376,4
75,deep_learning,auc_roc,-0.0156,0.0069,-1.6184,0.7087,0.6389,0.272,6.1847,3.5388,2
75,deep_learning,balanced_accuracy,-0.0289,0.0118,-3.5231,1.3528,0.537,0.3004,7.9739,4.2802,1
75,deep_learning,f1_score,-0.0522,0.0046,-6.9652,0.5699,0.6916,0.1484,9.8803,4.6382,1
75,deep_learning,precision,-0.0229,0.0436,-2.3813,4.6828,0.2648,0.6613,8.6486,0.713,0
75,deep_learning,recall,-0.0552,0.028,-8.4824,3.7823,0.4944,0.33,7.2241,4.0962,1
75,random_forest,accuracy,-0.0044,0.0085,-0.4673,0.9043,0.2974,0.5042,3.8942,0.7354,1
75,random_forest,auc_pr,-0.0442,0.0132,-4.9122,1.4402,1.6224,0.6915,11.6456,6.6509,4
75,random_forest,auc_roc,-0.0068,0.0025,-0.6938,0.2494,1.2847,0.6625,7.7665,5.6517,3
75,random_forest,balanced_accuracy,-0.0136,0.0114,-1.5311,1.2861,0.3452,0.2718,5.8603,2.9595,1
75,random_forest,f1_score,-0.022,0.0174,-2.8908,2.2884,0.4505,0.3351,8.8571,2.0941,0
75,random_forest,precision,-0.0218,0.0542,-2.9746,7.5434,0.262,0.5095,4.5399,1.1881,1
75,random_forest,recall,-0.025,0.0357,-3.0737,4.3908,0.2464,0.3695,3.4238,0.7324,2
75,svm,accuracy,-0.0073,0.0021,-0.7796,0.2263,1.3881,0.3501,4.4286,4.786,3
75,svm,auc_pr,-0.035,0.0306,-6.5595,5.7181,0.5185,0.4553,2.8779,3.34,2
75,svm,auc_roc,-0.0228,0.0235,-3.4089,3.5159,0.3346,0.3511,6.3908,6.6304,1
75,svm,balanced_accuracy,-0.0361,0.0115,-5.5194,1.7522,1.3926,0.3829,4.7386,5.3328,3
75,svm,f1_score,-0.0923,0.029,-19.6186,6.118,1.369,0.3315,4.8186,5.3674,3
75,svm,precision,-0.0016,0.012,-0.1517,1.2137,0.1304,0.7012,1.0428,1.896,0
75,svm,recall,-0.0722,0.0233,-23.3505,7.3779,1.3928,0.3881,4.7241,5.3615,3
100,deep_learning,accuracy,-0.0085,0.004,-0.8906,0.4192,1.1092,0.8029,8.9891,2.7564,1
100,deep_learning,auc_pr,-0.0414,0.0166,-4.7247,1.8645,0.9655,0.5337,10.1433,3.3593,2
100,deep_learning,auc_roc,-0.0159,0.0027,-1.6493,0.2745,0.7279,0.199,3.0421,1.8604,1
100,deep_learning,balanced_accuracy,-0.0358,0.0323,-4.323,3.8106,0.7752,0.8265,9.9527,3.3027,1
100,deep_learning,f1_score,-0.0592,0.0395,-7.8163,5.0073,0.9494,0.889,12.2011,4.5614,1
100,deep_learning,precision,-0.0229,0.0398,-2.3866,4.1821,0.3432,0.5792,7.6839,3.1649,0
100,deep_learning,recall,-0.0698,0.0683,-10.5213,9.7017,0.7293,0.8182,8.2365,4.5735,1
100,random_forest,accuracy,-0.0048,0.0051,-0.5063,0.5377,0.3066,0.3175,2.9315,1.5791,0
100,random_forest,auc_pr,-0.0599,0.0142,-6.6621,1.5741,1.8832,0.3962,14.0561,4.3792,4
100,random_forest,auc_roc,-0.0103,0.0028,-1.0445,0.284,1.7128,0.396,13.6732,5.487,4
100,random_forest,balanced_accuracy,-0.0142,0.0189,-1.6043,2.1213,0.4007,0.5533,6.1402,5.3483,1
100,random_forest,f1_score,-0.024,0.0228,-3.1809,2.9907,0.4759,0.442,7.6263,2.9123,1
100,random_forest,precision,-0.03,0.0164,-4.1733,2.2648,0.2876,0.1807,6.3775,1.6319,0
100,random_forest,recall,-0.026,0.0382,-3.1924,4.6658,0.2959,0.4673,7.565,4.1002,0
100,svm,accuracy,-0.0104,0.0014,-1.1192,0.1537,2.1035,0.8942,14.7599,7.334,4
100,svm,auc_pr,-0.0418,0.0251,-7.9292,4.7304,0.5323,0.3017,11.0787,4.1488,3
100,svm,auc_roc,-0.0194,0.0135,-2.9015,2.0068,0.293,0.1993,10.6294,4.7841,1
100,svm,balanced_accuracy,-0.0519,0.0075,-7.9371,1.1461,2.1068,0.8856,14.7689,7.3346,4
100,svm,f1_score,-0.1356,0.0197,-28.8504,4.2863,2.0023,0.8296,14.8305,7.3397,4
100,svm,precision,-0.0019,0.0064,-0.1851,0.6416,0.2072,0.4649,0.6855,1.2773,0
100,svm,recall,-0.1038,0.015,-33.6468,4.9894,2.1067,0.885,14.7689,7.3346,4
