prompt,strategy,classifier,metric,synthetic_ratio,performance,regression_slope,regression_r_squared,regression_p_value,total_change,absolute_degradation,relative_degradation,p_value
weak,cross_group,svm,f1_score,sensitivity,0.6267648056053075,-0.0020266102265589893,0.9264394828574618,2.1192521265281428e-06,-0.2114915457683308,,,
weak,cross_group,svm,f1_score,10,0.6242400399401975,,,,,0.0025247656651099515,0.004028250537570662,0.06615821842570697
weak,cross_group,svm,f1_score,20,0.6155434427365362,,,,,0.01122136286877129,0.017903626317904195,5.86841731419352e-09
weak,cross_group,svm,f1_score,30,0.6037202405995629,,,,,0.02304456500574459,0.036767484070023615,8.434070742698481e-19
weak,cross_group,svm,f1_score,40,0.591012561635354,,,,,0.03575224396995347,0.057042520017417386,5.898882976597024e-26
weak,cross_group,svm,f1_score,50,0.5742560689451385,,,,,0.052508736660168975,0.08377741728726756,3.639766199307365e-30
weak,cross_group,svm,f1_score,60,0.5527085630051122,,,,,0.07405624260019528,0.11815635137437935,3.307645503113091e-32
weak,cross_group,svm,f1_score,70,0.5241167220073323,,,,,0.10264808359797517,0.16377448554859625,4.644762602877877e-40
weak,cross_group,svm,f1_score,80,0.4949581992063484,,,,,0.13180660639895903,0.21029675760377903,1.1982589194031406e-47
weak,cross_group,svm,f1_score,90,0.4711033514482056,,,,,0.15566145415710186,0.24835704360708238,2.342537302178266e-51
weak,cross_group,svm,f1_score,100,0.41527325983697666,,,,,0.2114915457683308,0.3374336655104297,2.7494820015445536e-71
weak,cross_group,svm,accuracy,sensitivity,0.9454253028263794,-0.00018776826134834097,0.9422257695876078,7.097606720730523e-07,-0.019188425302826162,,,
weak,cross_group,svm,accuracy,10,0.9451924629878872,,,,,0.0002328398384922048,0.0002462805234809377,0.10271806666911922
weak,cross_group,svm,accuracy,20,0.9443324360699863,,,,,0.001092866756393085,0.0011559525148374225,2.9609938772362836e-08
weak,cross_group,svm,accuracy,30,0.9431197846567967,,,,,0.0023055181695826876,0.0024386042585175867,3.52018242110252e-18
weak,cross_group,svm,accuracy,40,0.9418546433378197,,,,,0.0035706594885597243,0.0037767758889942155,3.4556417668177026e-25
weak,cross_group,svm,accuracy,50,0.9401830417227457,,,,,0.005242261103633683,0.005544870745432531,1.444412548068535e-29
weak,cross_group,svm,accuracy,60,0.9381641991924629,,,,,0.007261103633916521,0.00768025100683176,2.428297879107411e-32
weak,cross_group,svm,accuracy,70,0.9355100942126516,,,,,0.009915208613727744,0.010487564257150627,1.1982234096371892e-40
weak,cross_group,svm,accuracy,80,0.9328977119784657,,,,,0.012527590847913661,0.013250746315401149,9.639571494648101e-49
weak,cross_group,svm,accuracy,90,0.9308452220726783,,,,,0.014580080753701097,0.015421716247823573,1.6097033480850044e-52
weak,cross_group,svm,accuracy,100,0.9262368775235532,,,,,0.019188425302826162,0.02029607759117695,1.2899263990460912e-71
weak,cross_group,svm,precision,sensitivity,0.9893951045812526,8.16958921737994e-05,0.959966418627592,1.351847118532343e-07,0.009281047702051959,,,
weak,cross_group,svm,precision,10,0.9904628692622814,,,,,-0.001067764681028871,-0.0010792095858214168,0.009934449792907021
weak,cross_group,svm,precision,20,0.9923094917911449,,,,,-0.002914387209892344,-0.002945625257692999,7.1740063893160606e-09
weak,cross_group,svm,precision,30,0.993259447949029,,,,,-0.0038643433677764127,-0.0039057635820948814,2.053144593716005e-12
weak,cross_group,svm,precision,40,0.9940179505331187,,,,,-0.004622845951866128,-0.00467239622518921,7.77673703677387e-14
weak,cross_group,svm,precision,50,0.9935843780467764,,,,,-0.0041892734655237795,-0.00423417646411019,1.449373130043881e-09
weak,cross_group,svm,precision,60,0.9951769770647414,,,,,-0.005781872483488826,-0.005843845857652511,9.831014498566946e-14
weak,cross_group,svm,precision,70,0.9956965771052585,,,,,-0.006301472524005924,-0.0063690152648096365,1.0091089550652028e-15
weak,cross_group,svm,precision,80,0.9963872534130905,,,,,-0.006992148831837963,-0.007067094631317476,1.891697020882214e-21
weak,cross_group,svm,precision,90,0.9967612875550317,,,,,-0.007366182973779112,-0.00744513788240012,5.377660240332193e-22
weak,cross_group,svm,precision,100,0.9986761522833045,,,,,-0.009281047702051959,-0.00938052721210909,9.688165248067797e-28
weak,cross_group,svm,recall,sensitivity,0.4592328398384926,-0.0019204086626697665,0.9455361495474165,5.434726400771319e-07,-0.19651413189771205,,,
weak,cross_group,svm,recall,10,0.45633916554508747,,,,,0.0028936742934051463,0.0063011048914159125,0.04590084311561292
weak,cross_group,svm,recall,20,0.4467967698519515,,,,,0.01243606998654112,0.027080097300782664,5.169174033828683e-10
weak,cross_group,svm,recall,30,0.4341588156123822,,,,,0.025074024226110436,0.054599806570733725,1.3841920710767737e-19
weak,cross_group,svm,recall,40,0.42109017496635254,,,,,0.038142664872140075,0.08305735470824441,8.232566763118336e-27
weak,cross_group,svm,recall,50,0.4044683714670256,,,,,0.054764468371467034,0.11925207350312127,5.4081214220056395e-31
weak,cross_group,svm,recall,60,0.38351278600269184,,,,,0.07572005383580077,0.16488379590281638,1.5640690881717815e-33
weak,cross_group,svm,recall,70,0.3566756393001345,,,,,0.1025572005383581,0.22332288033762218,1.6688554594793822e-41
weak,cross_group,svm,recall,80,0.3301884253028264,,,,,0.12904441453566623,0.2809999706925354,2.0028195271127566e-49
weak,cross_group,svm,recall,90,0.3094616419919246,,,,,0.149771197846568,0.32613346619383965,3.7950866550223185e-53
weak,cross_group,svm,recall,100,0.26271870794078056,,,,,0.19651413189771205,0.427918290788664,8.486278334873933e-72
weak,cross_group,svm,auc_roc,sensitivity,0.7629342956875205,-0.0007772163688221873,0.8810694020449472,1.8788592043810373e-05,-0.07926734965756865,,,
weak,cross_group,svm,auc_roc,10,0.7665449172084361,,,,,-0.0036106215209156245,-0.004732545831698263,0.0009892311526161562
weak,cross_group,svm,auc_roc,20,0.7651556383581896,,,,,-0.002221342670669091,-0.0029115779474395255,0.11712772818932754
weak,cross_group,svm,auc_roc,30,0.7609261969700356,,,,,0.002008098717484863,0.0026320729436802403,0.22305760765343627
weak,cross_group,svm,auc_roc,40,0.7553452481371922,,,,,0.007589047550328298,0.009947183647694598,0.0001183311781161241
weak,cross_group,svm,auc_roc,50,0.7481746547860786,,,,,0.014759640901441884,0.0193458872996936,1.267079780773332e-10
weak,cross_group,svm,auc_roc,60,0.7428123449589116,,,,,0.020121950728608895,0.0263744215489434,2.5337658619472814e-12
weak,cross_group,svm,auc_roc,70,0.7308137874637134,,,,,0.032120508223807076,0.04210127714190851,3.482203377580634e-19
weak,cross_group,svm,auc_roc,80,0.7171880646263082,,,,,0.04574623106121223,0.059960905309660875,1.0838993355715878e-27
weak,cross_group,svm,auc_roc,90,0.7060597137009377,,,,,0.056874581986582795,0.07454715603698232,1.6972598837468537e-34
weak,cross_group,svm,auc_roc,100,0.6836669460299518,,,,,0.07926734965756865,0.10389800288914348,7.740545863088459e-50
weak,cross_group,random_forest,f1_score,sensitivity,0.7931252310860714,0.00035009756793079826,0.5795175927194012,0.006495728543612478,0.03406191219694332,,,
weak,cross_group,random_forest,f1_score,10,0.7912220434509498,,,,,0.0019031876351215393,0.002399605460181107,0.41301064840503005
weak,cross_group,random_forest,f1_score,20,0.7794882679847973,,,,,0.013636963101274047,0.01719395949943514,5.947408586262599e-06
weak,cross_group,random_forest,f1_score,30,0.7781537391923815,,,,,0.014971491893689848,0.018876580024050595,5.938178727801264e-07
weak,cross_group,random_forest,f1_score,40,0.7810760675171065,,,,,0.012049163568964905,0.01519200637768805,0.0001408716350321162
weak,cross_group,random_forest,f1_score,50,0.7846979127674599,,,,,0.008427318318611432,0.010625457353148918,0.01860349174930391
weak,cross_group,random_forest,f1_score,60,0.7944472236191324,,,,,-0.0013219925330610893,-0.0016668143708539066,0.714230670587923
weak,cross_group,random_forest,f1_score,70,0.7980407875076407,,,,,-0.004915556421569378,-0.006197705266340132,0.17226643326126626
weak,cross_group,random_forest,f1_score,80,0.8020206795281879,,,,,-0.008895448442116538,-0.011215692167472086,0.028933175940668063
weak,cross_group,random_forest,f1_score,90,0.8147358625450611,,,,,-0.021610631458989782,-0.027247439133158226,1.4966639727380565e-07
weak,cross_group,random_forest,f1_score,100,0.8271871432830147,,,,,-0.03406191219694332,-0.04294644888588453,4.0630778149365235e-12
weak,cross_group,random_forest,accuracy,sensitivity,0.9480538358008073,0.00012624617643460396,0.6217338357041583,0.003929459688182091,0.012442799461642284,,,
weak,cross_group,random_forest,accuracy,10,0.9475666218034994,,,,,0.0004872139973078893,0.0005139096314043672,0.5094733391351163
weak,cross_group,random_forest,accuracy,20,0.9438008075370119,,,,,0.0042530282637953665,0.00448606197579792,1.435913614564083e-05
weak,cross_group,random_forest,accuracy,30,0.9435800807537013,,,,,0.0044737550471060095,0.004718882913782099,3.546451712566474e-06
weak,cross_group,random_forest,accuracy,40,0.9445531628532973,,,,,0.0035006729475099974,0.003692483290838679,0.0006150915927646182
weak,cross_group,random_forest,accuracy,50,0.9457806191117092,,,,,0.0022732166890980787,0.0023977717332665247,0.050872357332587895
weak,cross_group,random_forest,accuracy,60,0.9491547779273217,,,,,-0.0011009421265144592,-0.0011612654101910884,0.3473447708934328
weak,cross_group,random_forest,accuracy,70,0.9503943472409153,,,,,-0.0023405114401080507,-0.002468753726555048,0.04590084311561292
weak,cross_group,random_forest,accuracy,80,0.9518882907133245,,,,,-0.0038344549125172156,-0.0040445539775473905,0.003348036136112654
weak,cross_group,random_forest,accuracy,90,0.956107671601615,,,,,-0.008053835800807763,-0.008495124956701225,2.9692647235061346e-09
weak,cross_group,random_forest,accuracy,100,0.9604966352624495,,,,,-0.012442799461642284,-0.01312457055894092,1.5270991675147804e-14
weak,cross_group,random_forest,precision,sensitivity,0.6678224988933938,0.0006968477106109384,0.6164920214946698,0.004193952509673628,0.07496419350602113,,,
weak,cross_group,random_forest,precision,10,0.6651976037622843,,,,,0.002624895131109528,0.003930528150008535,0.4509748893412824
weak,cross_group,random_forest,precision,20,0.648292886064736,,,,,0.01952961282865784,0.02924371799545406,6.624715081655307e-06
weak,cross_group,random_forest,precision,30,0.6466742638479185,,,,,0.02114823504547536,0.03166744918076099,2.41150908896403e-06
weak,cross_group,random_forest,precision,40,0.650843767594871,,,,,0.016978731298522898,0.025424018098607448,0.00022509295189320508
weak,cross_group,random_forest,precision,50,0.6573263896219408,,,,,0.010496109271453058,0.015716914732351026,0.04663562827384404
weak,cross_group,random_forest,precision,60,0.673142004677142,,,,,-0.00531950578374818,-0.00796544859234721,0.3321144825002412
weak,cross_group,random_forest,precision,70,0.6808248216787989,,,,,-0.01300232278540503,-0.019469728568519855,0.01789019316925765
weak,cross_group,random_forest,precision,80,0.6868606275225464,,,,,-0.01903812862915255,-0.028507767648887874,0.0016139644251907733
weak,cross_group,random_forest,precision,90,0.7115498380184002,,,,,-0.04372733912500637,-0.06547748720275846,7.722903028997944e-11
weak,cross_group,random_forest,precision,100,0.742786692399415,,,,,-0.07496419350602113,-0.11225167410537908,4.244660291941392e-17
weak,cross_group,random_forest,recall,sensitivity,0.981763122476447,-0.0003553529915575697,0.7441260062512207,0.0006313646208972806,-0.0437954239569317,,,
weak,cross_group,random_forest,recall,10,0.9811170928667565,,,,,0.0006460296096905127,0.0006580300226198517,0.42800551319138325
weak,cross_group,random_forest,recall,20,0.9818977119784656,,,,,-0.00013458950201861164,-0.00013708958804555272,0.8561980454196861
weak,cross_group,random_forest,recall,30,0.980578734858681,,,,,0.0011843876177660695,0.0012063883748031933,0.24801109647016534
weak,cross_group,random_forest,recall,40,0.9800942126514132,,,,,0.0016689098250338708,0.0016999108917679973,0.07113142124025255
weak,cross_group,random_forest,recall,50,0.9776177658142664,,,,,0.004145356662180633,0.004222359311810555,8.505921744511275e-05
weak,cross_group,random_forest,recall,60,0.9732301480484524,,,,,0.00853297442799461,0.008691479882102946,8.82229012595233e-10
weak,cross_group,random_forest,recall,70,0.9689636608344548,,,,,0.012799461641992194,0.013037219823154703,3.893653355166873e-15
weak,cross_group,random_forest,recall,80,0.9668371467025572,,,,,0.014925975773889877,0.015203235314278122,7.246709633858954e-20
weak,cross_group,random_forest,recall,90,0.9569582772543741,,,,,0.024804845222072935,0.02526561107683897,4.6759674640434477e-23
weak,cross_group,random_forest,recall,100,0.9379676985195153,,,,,0.0437954239569317,0.04460895195009973,1.1080348450008352e-24
weak,cross_group,random_forest,auc_roc,sensitivity,0.9929381097611908,-2.6325366813892567e-05,0.9740281780540996,1.917375038498471e-08,-0.002788684619581816,,,
weak,cross_group,random_forest,auc_roc,10,0.9926664953855746,,,,,0.0002716143756161804,0.0002735461283498382,0.005515170973110679
weak,cross_group,random_forest,auc_roc,20,0.9923469444439412,,,,,0.0005911653172495646,0.0005953697530974456,2.8006610019607905e-08
weak,cross_group,random_forest,auc_roc,30,0.992127080708013,,,,,0.0008110290531777586,0.0008167971852473437,5.844629665782246e-10
weak,cross_group,random_forest,auc_roc,40,0.9920307386159964,,,,,0.0009073711451943467,0.0009138244733224877,8.034877029033157e-12
weak,cross_group,random_forest,auc_roc,50,0.9916917117461996,,,,,0.0012463980149911569,0.0012552625412785548,2.8714926447657956e-18
weak,cross_group,random_forest,auc_roc,60,0.9917231079125226,,,,,0.0012150018486681846,0.001223643081803358,7.919440225357825e-17
weak,cross_group,random_forest,auc_roc,70,0.9911134780507608,,,,,0.0018246317104300136,0.0018376087013810473,8.000954797004473e-23
weak,cross_group,random_forest,auc_roc,80,0.9910037394023596,,,,,0.00193437035883115,0.0019481278236932419,4.577498340759347e-28
weak,cross_group,random_forest,auc_roc,90,0.9905039880719122,,,,,0.00243412168927859,0.002451433443182088,7.468163855452934e-32
weak,cross_group,random_forest,auc_roc,100,0.990149425141609,,,,,0.002788684619581816,0.0028085180658968924,7.533717786641173e-32
