accuracy,precision,recall,f1,model_name,dataset_name,test_samples,positive_predictions,true_positives,experiment_timestamp,dataset_type,malicious_ratio,training_samples,feature_count,model_file,vectorizer_file
0.701635573728597,0.8215970170768733,0.701635573728597,0.6848594708440104,RandomForest,baseline_real_5pct,7826,2033,4366,2025-07-31T14:27:07.339817,baseline_real,5pct,10000,10000,c:\Users\Tianyu Wang\Documents\Notebooks\cyberdata\data\batch6\phase7a_training\models\baseline_real_5pct_RandomForest_model.joblib,c:\Users\Tianyu Wang\Documents\Notebooks\cyberdata\data\batch6\phase7a_training\vectorizers\baseline_real_5pct_RandomForest_vectorizer.joblib
0.8901098901098901,0.9119861619861621,0.8901098901098901,0.8901808724328945,SVM,baseline_real_5pct,7826,3506,4366,2025-07-31T14:28:33.373694,baseline_real,5pct,10000,10000,c:\Users\Tianyu Wang\Documents\Notebooks\cyberdata\data\batch6\phase7a_training\models\baseline_real_5pct_SVM_model.joblib,c:\Users\Tianyu Wang\Documents\Notebooks\cyberdata\data\batch6\phase7a_training\vectorizers\baseline_real_5pct_SVM_vectorizer.joblib
0.9584717607973422,0.961914744879191,0.9584717607973422,0.9585994466662361,DeepLearning,baseline_real_5pct,7826,4047,4366,2025-07-31T14:29:04.368122,baseline_real,5pct,10000,10000,c:\Users\Tianyu Wang\Documents\Notebooks\cyberdata\data\batch6\phase7a_training\models\baseline_real_5pct_DeepLearning_model.joblib,c:\Users\Tianyu Wang\Documents\Notebooks\cyberdata\data\batch6\phase7a_training\vectorizers\baseline_real_5pct_DeepLearning_vectorizer.joblib
0.7740863787375415,0.8504856293863607,0.7740863787375415,0.7683958401986759,RandomForest,baseline_real_10pct,7826,2598,4366,2025-07-31T14:29:13.498202,baseline_real,10pct,10000,10000,c:\Users\Tianyu Wang\Documents\Notebooks\cyberdata\data\batch6\phase7a_training\models\baseline_real_10pct_RandomForest_model.joblib,c:\Users\Tianyu Wang\Documents\Notebooks\cyberdata\data\batch6\phase7a_training\vectorizers\baseline_real_10pct_RandomForest_vectorizer.joblib
0.9516994633273703,0.9564565250423921,0.9516994633273703,0.951857580612419,SVM,baseline_real_10pct,7826,3988,4366,2025-07-31T14:30:47.441521,baseline_real,10pct,10000,10000,c:\Users\Tianyu Wang\Documents\Notebooks\cyberdata\data\batch6\phase7a_training\models\baseline_real_10pct_SVM_model.joblib,c:\Users\Tianyu Wang\Documents\Notebooks\cyberdata\data\batch6\phase7a_training\vectorizers\baseline_real_10pct_SVM_vectorizer.joblib
0.9752108356759519,0.9764513428232628,0.9752108356759519,0.9752659336361602,DeepLearning,baseline_real_10pct,7826,4178,4366,2025-07-31T14:31:15.761412,baseline_real,10pct,10000,10000,c:\Users\Tianyu Wang\Documents\Notebooks\cyberdata\data\batch6\phase7a_training\models\baseline_real_10pct_DeepLearning_model.joblib,c:\Users\Tianyu Wang\Documents\Notebooks\cyberdata\data\batch6\phase7a_training\vectorizers\baseline_real_10pct_DeepLearning_vectorizer.joblib
0.8131868131868132,0.8686766301557037,0.8131868131868132,0.8106948155513611,RandomForest,baseline_real_15pct,7826,2904,4366,2025-07-31T14:31:39.660590,baseline_real,15pct,10000,10000,c:\Users\Tianyu Wang\Documents\Notebooks\cyberdata\data\batch6\phase7a_training\models\baseline_real_15pct_RandomForest_model.joblib,c:\Users\Tianyu Wang\Documents\Notebooks\cyberdata\data\batch6\phase7a_training\vectorizers\baseline_real_15pct_RandomForest_vectorizer.joblib
0.9715052389470994,0.9732015239085209,0.9715052389470994,0.9715762144112099,SVM,baseline_real_15pct,7826,4145,4366,2025-07-31T14:33:13.524676,baseline_real,15pct,10000,10000,c:\Users\Tianyu Wang\Documents\Notebooks\cyberdata\data\batch6\phase7a_training\models\baseline_real_15pct_SVM_model.joblib,c:\Users\Tianyu Wang\Documents\Notebooks\cyberdata\data\batch6\phase7a_training\vectorizers\baseline_real_15pct_SVM_vectorizer.joblib
0.9877331970355226,0.9879907335593965,0.9877331970355226,0.9877471806896875,DeepLearning,baseline_real_15pct,7826,4282,4366,2025-07-31T14:34:19.093544,baseline_real,15pct,10000,10000,c:\Users\Tianyu Wang\Documents\Notebooks\cyberdata\data\batch6\phase7a_training\models\baseline_real_15pct_DeepLearning_model.joblib,c:\Users\Tianyu Wang\Documents\Notebooks\cyberdata\data\batch6\phase7a_training\vectorizers\baseline_real_15pct_DeepLearning_vectorizer.joblib
0.8846153846153846,0.9079907187573635,0.8846153846153846,0.8846372553932286,RandomForest,baseline_real_20pct,7826,3473,4366,2025-07-31T14:34:27.732652,baseline_real,20pct,10000,10000,c:\Users\Tianyu Wang\Documents\Notebooks\cyberdata\data\batch6\phase7a_training\models\baseline_real_20pct_RandomForest_model.joblib,c:\Users\Tianyu Wang\Documents\Notebooks\cyberdata\data\batch6\phase7a_training\vectorizers\baseline_real_20pct_RandomForest_vectorizer.joblib
0.9808331203680041,0.9815899617749579,0.9808331203680041,0.9808681756404146,SVM,baseline_real_20pct,7826,4220,4366,2025-07-31T14:36:01.858202,baseline_real,20pct,10000,10000,c:\Users\Tianyu Wang\Documents\Notebooks\cyberdata\data\batch6\phase7a_training\models\baseline_real_20pct_SVM_model.joblib,c:\Users\Tianyu Wang\Documents\Notebooks\cyberdata\data\batch6\phase7a_training\vectorizers\baseline_real_20pct_SVM_vectorizer.joblib
0.9893943266036289,0.9895893993545171,0.9893943266036289,0.9894049772224651,DeepLearning,baseline_real_20pct,7826,4293,4366,2025-07-31T14:36:33.120607,baseline_real,20pct,10000,10000,c:\Users\Tianyu Wang\Documents\Notebooks\cyberdata\data\batch6\phase7a_training\models\baseline_real_20pct_DeepLearning_model.joblib,c:\Users\Tianyu Wang\Documents\Notebooks\cyberdata\data\batch6\phase7a_training\vectorizers\baseline_real_20pct_DeepLearning_vectorizer.joblib
0.57794531050345,0.7840737504571843,0.57794531050345,0.5177382900246001,RandomForest,pure_original_5pct,7826,1063,4366,2025-07-31T14:36:42.413014,pure_original,5pct,10000,10000,c:\Users\Tianyu Wang\Documents\Notebooks\cyberdata\data\batch6\phase7a_training\models\pure_original_5pct_RandomForest_model.joblib,c:\Users\Tianyu Wang\Documents\Notebooks\cyberdata\data\batch6\phase7a_training\vectorizers\pure_original_5pct_RandomForest_vectorizer.joblib
0.7895476616406849,0.8574182316970375,0.7895476616406849,0.785316136346199,SVM,pure_original_5pct,7826,2719,4366,2025-07-31T14:38:11.339308,pure_original,5pct,10000,10000,c:\Users\Tianyu Wang\Documents\Notebooks\cyberdata\data\batch6\phase7a_training\models\pure_original_5pct_SVM_model.joblib,c:\Users\Tianyu Wang\Documents\Notebooks\cyberdata\data\batch6\phase7a_training\vectorizers\pure_original_5pct_SVM_vectorizer.joblib
0.8957321748019422,0.9154439079820066,0.8957321748019422,0.8958621370368384,DeepLearning,pure_original_5pct,7826,3554,4366,2025-07-31T14:38:44.151263,pure_original,5pct,10000,10000,c:\Users\Tianyu Wang\Documents\Notebooks\cyberdata\data\batch6\phase7a_training\models\pure_original_5pct_DeepLearning_model.joblib,c:\Users\Tianyu Wang\Documents\Notebooks\cyberdata\data\batch6\phase7a_training\vectorizers\pure_original_5pct_DeepLearning_vectorizer.joblib
0.6486072067467417,0.8042159316173472,0.6486072067467417,0.6178027483078732,RandomForest,pure_original_10pct,7826,1616,4366,2025-07-31T14:38:53.295912,pure_original,10pct,10000,10000,c:\Users\Tianyu Wang\Documents\Notebooks\cyberdata\data\batch6\phase7a_training\models\pure_original_10pct_RandomForest_model.joblib,c:\Users\Tianyu Wang\Documents\Notebooks\cyberdata\data\batch6\phase7a_training\vectorizers\pure_original_10pct_RandomForest_vectorizer.joblib
0.8921543572706363,0.9133025269880115,0.8921543572706363,0.8922465049304932,SVM,pure_original_10pct,7826,3522,4366,2025-07-31T14:40:30.733280,pure_original,10pct,10000,10000,c:\Users\Tianyu Wang\Documents\Notebooks\cyberdata\data\batch6\phase7a_training\models\pure_original_10pct_SVM_model.joblib,c:\Users\Tianyu Wang\Documents\Notebooks\cyberdata\data\batch6\phase7a_training\vectorizers\pure_original_10pct_SVM_vectorizer.joblib
0.9495272169690774,0.9545520222002438,0.9495272169690774,0.9496936797673803,DeepLearning,pure_original_10pct,7826,3977,4366,2025-07-31T14:41:02.093374,pure_original,10pct,10000,10000,c:\Users\Tianyu Wang\Documents\Notebooks\cyberdata\data\batch6\phase7a_training\models\pure_original_10pct_DeepLearning_model.joblib,c:\Users\Tianyu Wang\Documents\Notebooks\cyberdata\data\batch6\phase7a_training\vectorizers\pure_original_10pct_DeepLearning_vectorizer.joblib
0.7071300792231024,0.8238299850681389,0.7071300792231024,0.6914476687604629,RandomForest,pure_original_15pct,7826,2074,4366,2025-07-31T14:41:10.858438,pure_original,15pct,10000,10000,c:\Users\Tianyu Wang\Documents\Notebooks\cyberdata\data\batch6\phase7a_training\models\pure_original_15pct_RandomForest_model.joblib,c:\Users\Tianyu Wang\Documents\Notebooks\cyberdata\data\batch6\phase7a_training\vectorizers\pure_original_15pct_RandomForest_vectorizer.joblib
0.931638129312548,0.9407929730716936,0.931638129312548,0.9318601733150591,SVM,pure_original_15pct,7826,3831,4366,2025-07-31T14:42:48.482149,pure_original,15pct,10000,10000,c:\Users\Tianyu Wang\Documents\Notebooks\cyberdata\data\batch6\phase7a_training\models\pure_original_15pct_SVM_model.joblib,c:\Users\Tianyu Wang\Documents\Notebooks\cyberdata\data\batch6\phase7a_training\vectorizers\pure_original_15pct_SVM_vectorizer.joblib
0.9708663429593662,0.972579259194376,0.9708663429593662,0.9709391301024723,DeepLearning,pure_original_15pct,7826,4144,4366,2025-07-31T14:43:20.952868,pure_original,15pct,10000,10000,c:\Users\Tianyu Wang\Documents\Notebooks\cyberdata\data\batch6\phase7a_training\models\pure_original_15pct_DeepLearning_model.joblib,c:\Users\Tianyu Wang\Documents\Notebooks\cyberdata\data\batch6\phase7a_training\vectorizers\pure_original_15pct_DeepLearning_vectorizer.joblib
0.7825198057756197,0.8542267586175212,0.7825198057756197,0.7776587680436733,RandomForest,pure_original_20pct,7826,2664,4366,2025-07-31T14:43:30.595785,pure_original,20pct,10000,10000,c:\Users\Tianyu Wang\Documents\Notebooks\cyberdata\data\batch6\phase7a_training\models\pure_original_20pct_RandomForest_model.joblib,c:\Users\Tianyu Wang\Documents\Notebooks\cyberdata\data\batch6\phase7a_training\vectorizers\pure_original_20pct_RandomForest_vectorizer.joblib
0.9508050089445438,0.9556350205373944,0.9508050089445438,0.950966401810201,SVM,pure_original_20pct,7826,3985,4366,2025-07-31T14:45:17.262409,pure_original,20pct,10000,10000,c:\Users\Tianyu Wang\Documents\Notebooks\cyberdata\data\batch6\phase7a_training\models\pure_original_20pct_SVM_model.joblib,c:\Users\Tianyu Wang\Documents\Notebooks\cyberdata\data\batch6\phase7a_training\vectorizers\pure_original_20pct_SVM_vectorizer.joblib
0.9773830820342448,0.9783696186842579,0.9773830820342448,0.9774290657998038,DeepLearning,pure_original_20pct,7826,4199,4366,2025-07-31T14:45:45.356518,pure_original,20pct,10000,10000,c:\Users\Tianyu Wang\Documents\Notebooks\cyberdata\data\batch6\phase7a_training\models\pure_original_20pct_DeepLearning_model.joblib,c:\Users\Tianyu Wang\Documents\Notebooks\cyberdata\data\batch6\phase7a_training\vectorizers\pure_original_20pct_DeepLearning_vectorizer.joblib
0.606312292358804,0.7917505781320077,0.606312292358804,0.5596319449227903,RandomForest,pure_strong_5pct,7826,1285,4366,2025-07-31T14:45:54.831650,pure_strong,5pct,10000,10000,c:\Users\Tianyu Wang\Documents\Notebooks\cyberdata\data\batch6\phase7a_training\models\pure_strong_5pct_RandomForest_model.joblib,c:\Users\Tianyu Wang\Documents\Notebooks\cyberdata\data\batch6\phase7a_training\vectorizers\pure_strong_5pct_RandomForest_vectorizer.joblib
0.7363915154612829,0.8348568972471553,0.7363915154612829,0.7258886003772135,SVM,pure_strong_5pct,7826,2303,4366,2025-07-31T14:47:24.376514,pure_strong,5pct,10000,10000,c:\Users\Tianyu Wang\Documents\Notebooks\cyberdata\data\batch6\phase7a_training\models\pure_strong_5pct_SVM_model.joblib,c:\Users\Tianyu Wang\Documents\Notebooks\cyberdata\data\batch6\phase7a_training\vectorizers\pure_strong_5pct_SVM_vectorizer.joblib
0.8814209046767186,0.9063946977051835,0.8814209046767186,0.8813850478159989,DeepLearning,pure_strong_5pct,7826,3440,4366,2025-07-31T14:47:57.667696,pure_strong,5pct,10000,10000,c:\Users\Tianyu Wang\Documents\Notebooks\cyberdata\data\batch6\phase7a_training\models\pure_strong_5pct_DeepLearning_model.joblib,c:\Users\Tianyu Wang\Documents\Notebooks\cyberdata\data\batch6\phase7a_training\vectorizers\pure_strong_5pct_DeepLearning_vectorizer.joblib
0.6567850753897265,0.8067810544823387,0.6567850753897265,0.6285309771896531,RandomForest,pure_strong_10pct,7826,1680,4366,2025-07-31T14:48:06.904287,pure_strong,10pct,10000,10000,c:\Users\Tianyu Wang\Documents\Notebooks\cyberdata\data\batch6\phase7a_training\models\pure_strong_10pct_RandomForest_model.joblib,c:\Users\Tianyu Wang\Documents\Notebooks\cyberdata\data\batch6\phase7a_training\vectorizers\pure_strong_10pct_RandomForest_vectorizer.joblib
0.8364426271403016,0.880610018967393,0.8364426271403016,0.8351612853244623,SVM,pure_strong_10pct,7826,3086,4366,2025-07-31T14:49:40.170445,pure_strong,10pct,10000,10000,c:\Users\Tianyu Wang\Documents\Notebooks\cyberdata\data\batch6\phase7a_training\models\pure_strong_10pct_SVM_model.joblib,c:\Users\Tianyu Wang\Documents\Notebooks\cyberdata\data\batch6\phase7a_training\vectorizers\pure_strong_10pct_SVM_vectorizer.joblib
0.9419882443138257,0.9486615139171459,0.9419882443138257,0.9421832712659316,DeepLearning,pure_strong_10pct,7826,3914,4366,2025-07-31T14:50:05.826647,pure_strong,10pct,10000,10000,c:\Users\Tianyu Wang\Documents\Notebooks\cyberdata\data\batch6\phase7a_training\models\pure_strong_10pct_DeepLearning_model.joblib,c:\Users\Tianyu Wang\Documents\Notebooks\cyberdata\data\batch6\phase7a_training\vectorizers\pure_strong_10pct_DeepLearning_vectorizer.joblib
0.6863020700230003,0.8165012953980695,0.6863020700230003,0.6660303237386498,RandomForest,pure_strong_15pct,7826,1911,4366,2025-07-31T14:50:14.532168,pure_strong,15pct,10000,10000,c:\Users\Tianyu Wang\Documents\Notebooks\cyberdata\data\batch6\phase7a_training\models\pure_strong_15pct_RandomForest_model.joblib,c:\Users\Tianyu Wang\Documents\Notebooks\cyberdata\data\batch6\phase7a_training\vectorizers\pure_strong_15pct_RandomForest_vectorizer.joblib
0.9071045233835932,0.9231499473803253,0.9071045233835932,0.9073036658265484,SVM,pure_strong_15pct,7826,3641,4366,2025-07-31T14:51:51.280949,pure_strong,15pct,10000,10000,c:\Users\Tianyu Wang\Documents\Notebooks\cyberdata\data\batch6\phase7a_training\models\pure_strong_15pct_SVM_model.joblib,c:\Users\Tianyu Wang\Documents\Notebooks\cyberdata\data\batch6\phase7a_training\vectorizers\pure_strong_15pct_SVM_vectorizer.joblib
0.9686940966010733,0.9707010877478696,0.9686940966010733,0.9687766115079868,DeepLearning,pure_strong_15pct,7826,4125,4366,2025-07-31T14:52:22.016013,pure_strong,15pct,10000,10000,c:\Users\Tianyu Wang\Documents\Notebooks\cyberdata\data\batch6\phase7a_training\models\pure_strong_15pct_DeepLearning_model.joblib,c:\Users\Tianyu Wang\Documents\Notebooks\cyberdata\data\batch6\phase7a_training\vectorizers\pure_strong_15pct_DeepLearning_vectorizer.joblib
0.813570150779453,0.8688661763970132,0.813570150779453,0.8111018953924856,RandomForest,pure_strong_20pct,7826,2907,4366,2025-07-31T14:52:30.306079,pure_strong,20pct,10000,10000,c:\Users\Tianyu Wang\Documents\Notebooks\cyberdata\data\batch6\phase7a_training\models\pure_strong_20pct_RandomForest_model.joblib,c:\Users\Tianyu Wang\Documents\Notebooks\cyberdata\data\batch6\phase7a_training\vectorizers\pure_strong_20pct_RandomForest_vectorizer.joblib
0.933043700485561,0.9417238173024142,0.933043700485561,0.9332636688448486,SVM,pure_strong_20pct,7826,3846,4366,2025-07-31T14:54:03.444929,pure_strong,20pct,10000,10000,c:\Users\Tianyu Wang\Documents\Notebooks\cyberdata\data\batch6\phase7a_training\models\pure_strong_20pct_SVM_model.joblib,c:\Users\Tianyu Wang\Documents\Notebooks\cyberdata\data\batch6\phase7a_training\vectorizers\pure_strong_20pct_SVM_vectorizer.joblib
0.9518272425249169,0.9563269909642105,0.9518272425249169,0.9519835722705564,DeepLearning,pure_strong_20pct,7826,3999,4366,2025-07-31T14:54:41.325692,pure_strong,20pct,10000,10000,c:\Users\Tianyu Wang\Documents\Notebooks\cyberdata\data\batch6\phase7a_training\models\pure_strong_20pct_DeepLearning_model.joblib,c:\Users\Tianyu Wang\Documents\Notebooks\cyberdata\data\batch6\phase7a_training\vectorizers\pure_strong_20pct_DeepLearning_vectorizer.joblib
0.5345003833375926,0.773246702287494,0.5345003833375926,0.44815610467616895,RandomForest,pure_weak_5pct,7826,723,4366,2025-07-31T14:54:50.115054,pure_weak,5pct,10000,10000,c:\Users\Tianyu Wang\Documents\Notebooks\cyberdata\data\batch6\phase7a_training\models\pure_weak_5pct_RandomForest_model.joblib,c:\Users\Tianyu Wang\Documents\Notebooks\cyberdata\data\batch6\phase7a_training\vectorizers\pure_weak_5pct_RandomForest_vectorizer.joblib
0.6850242780475339,0.81606481047164,0.6850242780475339,0.6644442412386903,SVM,pure_weak_5pct,7826,1901,4366,2025-07-31T14:56:14.395707,pure_weak,5pct,10000,10000,c:\Users\Tianyu Wang\Documents\Notebooks\cyberdata\data\batch6\phase7a_training\models\pure_weak_5pct_SVM_model.joblib,c:\Users\Tianyu Wang\Documents\Notebooks\cyberdata\data\batch6\phase7a_training\vectorizers\pure_weak_5pct_SVM_vectorizer.joblib
0.840914899054434,0.8827422486127082,0.840914899054434,0.8398330593372916,DeepLearning,pure_weak_5pct,7826,3125,4366,2025-07-31T14:56:43.445267,pure_weak,5pct,10000,10000,c:\Users\Tianyu Wang\Documents\Notebooks\cyberdata\data\batch6\phase7a_training\models\pure_weak_5pct_DeepLearning_model.joblib,c:\Users\Tianyu Wang\Documents\Notebooks\cyberdata\data\batch6\phase7a_training\vectorizers\pure_weak_5pct_DeepLearning_vectorizer.joblib
0.6258625095834398,0.7973519541575926,0.6258625095834398,0.5871092704019464,RandomForest,pure_weak_10pct,7826,1438,4366,2025-07-31T14:56:52.414068,pure_weak,10pct,10000,10000,c:\Users\Tianyu Wang\Documents\Notebooks\cyberdata\data\batch6\phase7a_training\models\pure_weak_10pct_RandomForest_model.joblib,c:\Users\Tianyu Wang\Documents\Notebooks\cyberdata\data\batch6\phase7a_training\vectorizers\pure_weak_10pct_RandomForest_vectorizer.joblib
0.7933810375670841,0.8591881800240518,0.7933810375670841,0.7894702015054873,SVM,pure_weak_10pct,7826,2749,4366,2025-07-31T14:58:25.134591,pure_weak,10pct,10000,10000,c:\Users\Tianyu Wang\Documents\Notebooks\cyberdata\data\batch6\phase7a_training\models\pure_weak_10pct_SVM_model.joblib,c:\Users\Tianyu Wang\Documents\Notebooks\cyberdata\data\batch6\phase7a_training\vectorizers\pure_weak_10pct_SVM_vectorizer.joblib
0.8865320725785842,0.9095058050086621,0.8865320725785842,0.8865681032050228,DeepLearning,pure_weak_10pct,7826,3482,4366,2025-07-31T14:58:50.036811,pure_weak,10pct,10000,10000,c:\Users\Tianyu Wang\Documents\Notebooks\cyberdata\data\batch6\phase7a_training\models\pure_weak_10pct_DeepLearning_model.joblib,c:\Users\Tianyu Wang\Documents\Notebooks\cyberdata\data\batch6\phase7a_training\vectorizers\pure_weak_10pct_DeepLearning_vectorizer.joblib
0.6572961921799131,0.8069431496161672,0.6572961921799131,0.6291963689004915,RandomForest,pure_weak_15pct,7826,1684,4366,2025-07-31T14:58:58.766769,pure_weak,15pct,10000,10000,c:\Users\Tianyu Wang\Documents\Notebooks\cyberdata\data\batch6\phase7a_training\models\pure_weak_15pct_RandomForest_model.joblib,c:\Users\Tianyu Wang\Documents\Notebooks\cyberdata\data\batch6\phase7a_training\vectorizers\pure_weak_15pct_RandomForest_vectorizer.joblib
0.8277536417071301,0.8760456739406551,0.8277536417071301,0.8260726326468129,SVM,pure_weak_15pct,7826,3018,4366,2025-07-31T15:00:32.431146,pure_weak,15pct,10000,10000,c:\Users\Tianyu Wang\Documents\Notebooks\cyberdata\data\batch6\phase7a_training\models\pure_weak_15pct_SVM_model.joblib,c:\Users\Tianyu Wang\Documents\Notebooks\cyberdata\data\batch6\phase7a_training\vectorizers\pure_weak_15pct_SVM_vectorizer.joblib
0.9157935088167646,0.9290342656932499,0.9157935088167646,0.9160208895740336,DeepLearning,pure_weak_15pct,7826,3713,4366,2025-07-31T15:00:58.469102,pure_weak,15pct,10000,10000,c:\Users\Tianyu Wang\Documents\Notebooks\cyberdata\data\batch6\phase7a_training\models\pure_weak_15pct_DeepLearning_model.joblib,c:\Users\Tianyu Wang\Documents\Notebooks\cyberdata\data\batch6\phase7a_training\vectorizers\pure_weak_15pct_DeepLearning_vectorizer.joblib
0.7454638384870943,0.838463844674495,0.7454638384870943,0.7362967045751148,RandomForest,pure_weak_20pct,7826,2374,4366,2025-07-31T15:01:06.750341,pure_weak,20pct,10000,10000,c:\Users\Tianyu Wang\Documents\Notebooks\cyberdata\data\batch6\phase7a_training\models\pure_weak_20pct_RandomForest_model.joblib,c:\Users\Tianyu Wang\Documents\Notebooks\cyberdata\data\batch6\phase7a_training\vectorizers\pure_weak_20pct_RandomForest_vectorizer.joblib
0.8630207002300025,0.895303970612247,0.8630207002300025,0.8626280610441167,SVM,pure_weak_20pct,7826,3296,4366,2025-07-31T15:02:40.274800,pure_weak,20pct,10000,10000,c:\Users\Tianyu Wang\Documents\Notebooks\cyberdata\data\batch6\phase7a_training\models\pure_weak_20pct_SVM_model.joblib,c:\Users\Tianyu Wang\Documents\Notebooks\cyberdata\data\batch6\phase7a_training\vectorizers\pure_weak_20pct_SVM_vectorizer.joblib
0.929849220546895,0.9391283061119386,0.929849220546895,0.9300762926426656,DeepLearning,pure_weak_20pct,7826,3827,4366,2025-07-31T15:03:35.413625,pure_weak,20pct,10000,10000,c:\Users\Tianyu Wang\Documents\Notebooks\cyberdata\data\batch6\phase7a_training\models\pure_weak_20pct_DeepLearning_model.joblib,c:\Users\Tianyu Wang\Documents\Notebooks\cyberdata\data\batch6\phase7a_training\vectorizers\pure_weak_20pct_DeepLearning_vectorizer.joblib
